The target system is: Generic -  - cortexa53
The host system is: Linux - 6.10.14-linuxkit - x86_64
Compiling the C compiler identification source file "CMakeCCompilerId.c" succeeded.
Compiler: /home/user/Xilinx/Vitis/2024.1/gnu/aarch64/lin/aarch64-none/bin/aarch64-none-elf-gcc 
Build flags: ;-O2;-DSDT;;-MMD;-MP;-specs=/home/user/workspace/vitis/kr260_pfm/zynqmp_fsbl/zynqmp_fsbl_bsp/Xilinx.spec;-Os;-flto;-ffat-lto-objects;-DARMA53_64;-I/home/user/workspace/vitis/kr260_pfm/zynqmp_fsbl/zynqmp_fsbl_bsp/include
Id flags:  

The output was:
0
/home/user/Xilinx/Vitis/2024.1/gnu/aarch64/lin/aarch64-none/x86_64-oesdk-linux/usr/bin/aarch64-xilinx-elf/aarch64-xilinx-elf-ld.real: warning: cannot find entry symbol _start; defaulting to 0000000000400060


Compilation of the C compiler identification source "CMakeCCompilerId.c" produced "a-CMakeCCompilerId.d"

Compilation of the C compiler identification source "CMakeCCompilerId.c" produced "a.out"

Compiling the C compiler identification source file "CMakeCCompilerId.c" succeeded.
Compiler: /home/user/Xilinx/Vitis/2024.1/gnu/aarch64/lin/aarch64-none/bin/aarch64-none-elf-gcc 
Build flags: ;-O2;-DSDT;;-MMD;-MP;-specs=/home/user/workspace/vitis/kr260_pfm/zynqmp_fsbl/zynqmp_fsbl_bsp/Xilinx.spec;-Os;-flto;-ffat-lto-objects;-DARMA53_64;-I/home/user/workspace/vitis/kr260_pfm/zynqmp_fsbl/zynqmp_fsbl_bsp/include
Id flags: -c 

The output was:
0


Compilation of the C compiler identification source "CMakeCCompilerId.c" produced "CMakeCCompilerId.d"

Compilation of the C compiler identification source "CMakeCCompilerId.c" produced "CMakeCCompilerId.o"

The C compiler identification is GNU, found in "/home/user/workspace/vitis/kr260_pfm/zynqmp_fsbl/zynqmp_fsbl_bsp/libsrc/build_configs/gen_bsp/CMakeFiles/3.24.2/CompilerIdC/CMakeCCompilerId.o"

Compiling the CXX compiler identification source file "CMakeCXXCompilerId.cpp" succeeded.
Compiler: /home/user/Xilinx/Vitis/2024.1/gnu/aarch64/lin/aarch64-none/bin/aarch64-none-elf-g++ 
Build flags: ;-O2;-DSDT;;-MMD;-MP;-specs=/home/user/workspace/vitis/kr260_pfm/zynqmp_fsbl/zynqmp_fsbl_bsp/Xilinx.spec;-Os;-flto;-ffat-lto-objects;-DARMA53_64;-I/home/user/workspace/vitis/kr260_pfm/zynqmp_fsbl/zynqmp_fsbl_bsp/include
Id flags:  

The output was:
0
/home/user/Xilinx/Vitis/2024.1/gnu/aarch64/lin/aarch64-none/x86_64-oesdk-linux/usr/bin/aarch64-xilinx-elf/aarch64-xilinx-elf-ld.real: warning: cannot find entry symbol _start; defaulting to 0000000000400060


Compilation of the CXX compiler identification source "CMakeCXXCompilerId.cpp" produced "a-CMakeCXXCompilerId.d"

Compilation of the CXX compiler identification source "CMakeCXXCompilerId.cpp" produced "a.out"

Compiling the CXX compiler identification source file "CMakeCXXCompilerId.cpp" succeeded.
Compiler: /home/user/Xilinx/Vitis/2024.1/gnu/aarch64/lin/aarch64-none/bin/aarch64-none-elf-g++ 
Build flags: ;-O2;-DSDT;;-MMD;-MP;-specs=/home/user/workspace/vitis/kr260_pfm/zynqmp_fsbl/zynqmp_fsbl_bsp/Xilinx.spec;-Os;-flto;-ffat-lto-objects;-DARMA53_64;-I/home/user/workspace/vitis/kr260_pfm/zynqmp_fsbl/zynqmp_fsbl_bsp/include
Id flags: -c 

The output was:
0


Compilation of the CXX compiler identification source "CMakeCXXCompilerId.cpp" produced "CMakeCXXCompilerId.d"

Compilation of the CXX compiler identification source "CMakeCXXCompilerId.cpp" produced "CMakeCXXCompilerId.o"

The CXX compiler identification is GNU, found in "/home/user/workspace/vitis/kr260_pfm/zynqmp_fsbl/zynqmp_fsbl_bsp/libsrc/build_configs/gen_bsp/CMakeFiles/3.24.2/CompilerIdCXX/CMakeCXXCompilerId.o"

Detecting C compiler ABI info compiled with the following output:
Change Dir: /home/user/workspace/vitis/kr260_pfm/zynqmp_fsbl/zynqmp_fsbl_bsp/libsrc/build_configs/gen_bsp/CMakeFiles/CMakeTmp

Run Build Command(s):/bin/gmake -f Makefile cmTC_b64b4/fast && /bin/gmake  -f CMakeFiles/cmTC_b64b4.dir/build.make CMakeFiles/cmTC_b64b4.dir/build
gmake[1]: Entering directory '/home/user/workspace/vitis/kr260_pfm/zynqmp_fsbl/zynqmp_fsbl_bsp/libsrc/build_configs/gen_bsp/CMakeFiles/CMakeTmp'
Building C object CMakeFiles/cmTC_b64b4.dir/CMakeCCompilerABI.c.obj
/home/user/Xilinx/Vitis/2024.1/gnu/aarch64/lin/aarch64-none/bin/aarch64-none-elf-gcc   -O2 -DSDT  -MMD -MP -specs=/home/user/workspace/vitis/kr260_pfm/zynqmp_fsbl/zynqmp_fsbl_bsp/Xilinx.spec -Os -flto -ffat-lto-objects -DARMA53_64 -I/home/user/workspace/vitis/kr260_pfm/zynqmp_fsbl/zynqmp_fsbl_bsp/include    -v -o CMakeFiles/cmTC_b64b4.dir/CMakeCCompilerABI.c.obj -c /home/user/Xilinx/Vitis/2024.1/tps/lnx64/cmake-3.24.2/share/cmake-3.24/Modules/CMakeCCompilerABI.c
Using built-in specs.
Reading specs from /home/user/workspace/vitis/kr260_pfm/zynqmp_fsbl/zynqmp_fsbl_bsp/Xilinx.spec
COLLECT_GCC=/home/user/Xilinx/Vitis/2024.1/gnu/aarch64/lin/aarch64-none/bin/../x86_64-oesdk-linux/usr/bin/aarch64-xilinx-elf/aarch64-xilinx-elf-gcc.real
Target: aarch64-xilinx-elf
Configured with: ../../../../../../work-shared/gcc-12.2.0-r0/gcc-12.2.0/configure --build=x86_64-linux --host=x86_64-oesdk-linux --target=aarch64-xilinx-elf --prefix=/usr/local/oe-sdk-hardcoded-buildpath/sysroots/x86_64-oesdk-linux/usr --exec_prefix=/usr/local/oe-sdk-hardcoded-buildpath/sysroots/x86_64-oesdk-linux/usr --bindir=/usr/local/oe-sdk-hardcoded-buildpath/sysroots/x86_64-oesdk-linux/usr/bin/aarch64-xilinx-elf --sbindir=/usr/local/oe-sdk-hardcoded-buildpath/sysroots/x86_64-oesdk-linux/usr/bin/aarch64-xilinx-elf --libexecdir=/usr/local/oe-sdk-hardcoded-buildpath/sysroots/x86_64-oesdk-linux/usr/libexec/aarch64-xilinx-elf --datadir=/usr/local/oe-sdk-hardcoded-buildpath/sysroots/x86_64-oesdk-linux/usr/share --sysconfdir=/usr/local/oe-sdk-hardcoded-buildpath/sysroots/x86_64-oesdk-linux/etc --sharedstatedir=/usr/local/oe-sdk-hardcoded-buildpath/sysroots/x86_64-oesdk-linux/com --localstatedir=/usr/local/oe-sdk-hardcoded-buildpath/sysroots/x86_64-oesdk-linux/var --libdir=/usr/local/oe-sdk-hardcoded-buildpath/sysroots/x86_64-oesdk-linux/usr/lib/aarch64-xilinx-elf --includedir=/usr/local/oe-sdk-hardcoded-buildpath/sysroots/x86_64-oesdk-linux/usr/include --oldincludedir=/usr/local/oe-sdk-hardcoded-buildpath/sysroots/x86_64-oesdk-linux/usr/include --infodir=/usr/local/oe-sdk-hardcoded-buildpath/sysroots/x86_64-oesdk-linux/usr/share/info --mandir=/usr/local/oe-sdk-hardcoded-buildpath/sysroots/x86_64-oesdk-linux/usr/share/man --disable-silent-rules --disable-dependency-tracking --with-libtool-sysroot=/scratch/jenkins-BUILDS-eSDK-toolchain-2023.1_toolchain-7_Standalone_aarch64-tc/build/aarch64-tc-x86_64/work/x86_64-nativesdk-oesdk-linux/gcc-cross-canadian-aarch64/12.2.0-r0/recipe-sysroot --with-gnu-ld --enable-shared --enable-languages=c,c++,fortran --enable-threads=posix --enable-multilib --enable-c99 --enable-long-long --enable-libstdcxx-pch --program-prefix=aarch64-xilinx-elf- --without-local-prefix --disable-install-libiberty --disable-libssp --enable-libitm --enable-lto --disable-bootstrap --with-system-zlib --enable-linker-build-id --with-ppl=no --with-cloog=no --enable-checking=release --enable-cheaders=c_global --without-isl --with-gxx-include-dir=/not/exist/usr/include/c++/12.2.0 --with-build-time-tools=/scratch/jenkins-BUILDS-eSDK-toolchain-2023.1_toolchain-7_Standalone_aarch64-tc/build/aarch64-tc-x86_64/work/x86_64-nativesdk-oesdk-linux/gcc-cross-canadian-aarch64/12.2.0-r0/recipe-sysroot-native/usr/aarch64-xilinx-elf/bin --with-sysroot=/not/exist --with-build-sysroot=/scratch/jenkins-BUILDS-eSDK-toolchain-2023.1_toolchain-7_Standalone_aarch64-tc/build/aarch64-tc-x86_64/work/x86_64-nativesdk-oesdk-linux/gcc-cross-canadian-aarch64/12.2.0-r0/recipe-sysroot --enable-standard-branch-protection --with-plugin-ld=ld --enable-poison-system-directories --enable-nls --with-glibc-version=2.28 --enable-initfini-array --disable-libstdcxx-pch --with-newlib --disable-threads --enable-plugins --with-gnu-as --disable-libitm --disable-multiarch --with-arch=armv8-a --enable-multilib --with-sysroot=/not/exist
Thread model: single
Supported LTO compression algorithms: zlib zstd
gcc version 12.2.0 (GCC) 
COLLECT_GCC_OPTIONS='--sysroot=/home/user/Xilinx/Vitis/2024.1/gnu/aarch64/lin/aarch64-none/bin/../aarch64-xilinx-elf' '-mbranch-protection=none' '-O2' '-D' 'SDT' '-MMD' '-MP' '-specs=/home/user/workspace/vitis/kr260_pfm/zynqmp_fsbl/zynqmp_fsbl_bsp/Xilinx.spec' '-Os' '-flto' '-ffat-lto-objects' '-D' 'ARMA53_64' '-I' '/home/user/workspace/vitis/kr260_pfm/zynqmp_fsbl/zynqmp_fsbl_bsp/include' '-v' '-o' 'CMakeFiles/cmTC_b64b4.dir/CMakeCCompilerABI.c.obj' '-c' '-march=armv8-a' '-mlittle-endian' '-mabi=lp64' '-dumpdir' 'CMakeFiles/cmTC_b64b4.dir/'
 /home/user/Xilinx/Vitis/2024.1/gnu/aarch64/lin/aarch64-none/x86_64-oesdk-linux/usr/bin/aarch64-xilinx-elf/../../libexec/aarch64-xilinx-elf/gcc/aarch64-xilinx-elf/12.2.0/cc1 -quiet -v -I /home/user/workspace/vitis/kr260_pfm/zynqmp_fsbl/zynqmp_fsbl_bsp/include -iprefix /home/user/Xilinx/Vitis/2024.1/gnu/aarch64/lin/aarch64-none/x86_64-oesdk-linux/usr/bin/aarch64-xilinx-elf/../../lib/aarch64-xilinx-elf/gcc/aarch64-xilinx-elf/12.2.0/ -isysroot /home/user/Xilinx/Vitis/2024.1/gnu/aarch64/lin/aarch64-none/bin/../aarch64-xilinx-elf -MMD CMakeFiles/cmTC_b64b4.dir/CMakeCCompilerABI.c.d -MP -MQ CMakeFiles/cmTC_b64b4.dir/CMakeCCompilerABI.c.obj -D SDT -D ARMA53_64 /home/user/Xilinx/Vitis/2024.1/tps/lnx64/cmake-3.24.2/share/cmake-3.24/Modules/CMakeCCompilerABI.c -quiet -dumpdir CMakeFiles/cmTC_b64b4.dir/ -dumpbase CMakeCCompilerABI.c.c -dumpbase-ext .c -mbranch-protection=none -march=armv8-a -mlittle-endian -mabi=lp64 -O2 -Os -version -flto -ffat-lto-objects -o /tmp/cctypLwp.s
GNU C17 (GCC) version 12.2.0 (aarch64-xilinx-elf)
	compiled by GNU C version 12.2.0, GMP version 6.2.1, MPFR version 4.1.0, MPC version 1.2.1, isl version none
GGC heuristics: --param ggc-min-expand=100 --param ggc-min-heapsize=131072
ignoring nonexistent directory "/home/user/Xilinx/Vitis/2024.1/gnu/aarch64/lin/aarch64-none/x86_64-oesdk-linux/usr/bin/aarch64-xilinx-elf/../../lib/aarch64-xilinx-elf/gcc/aarch64-xilinx-elf/12.2.0/../../../../../aarch64-xilinx-elf/include"
ignoring duplicate directory "/home/user/Xilinx/Vitis/2024.1/gnu/aarch64/lin/aarch64-none/x86_64-oesdk-linux/usr/bin/aarch64-xilinx-elf/../../lib/aarch64-xilinx-elf/gcc/../../../lib/aarch64-xilinx-elf/gcc/aarch64-xilinx-elf/12.2.0/include"
ignoring nonexistent directory "/home/user/Xilinx/Vitis/2024.1/gnu/aarch64/lin/aarch64-none/bin/../aarch64-xilinx-elf/usr/lib64/aarch64-xilinx-elf/12.2.0/include"
ignoring nonexistent directory "/home/user/Xilinx/Vitis/2024.1/gnu/aarch64/lin/aarch64-none/bin/../aarch64-xilinx-elf/usr/local/include"
ignoring duplicate directory "/home/user/Xilinx/Vitis/2024.1/gnu/aarch64/lin/aarch64-none/x86_64-oesdk-linux/usr/bin/aarch64-xilinx-elf/../../lib/aarch64-xilinx-elf/gcc/../../../lib/aarch64-xilinx-elf/gcc/aarch64-xilinx-elf/12.2.0/include-fixed"
ignoring nonexistent directory "/home/user/Xilinx/Vitis/2024.1/gnu/aarch64/lin/aarch64-none/x86_64-oesdk-linux/usr/bin/aarch64-xilinx-elf/../../lib/aarch64-xilinx-elf/gcc/../../../lib/aarch64-xilinx-elf/gcc/aarch64-xilinx-elf/12.2.0/../../../../../aarch64-xilinx-elf/include"
#include "..." search starts here:
#include <...> search starts here:
 /home/user/workspace/vitis/kr260_pfm/zynqmp_fsbl/zynqmp_fsbl_bsp/include
 /home/user/Xilinx/Vitis/2024.1/gnu/aarch64/lin/aarch64-none/x86_64-oesdk-linux/usr/bin/aarch64-xilinx-elf/../../lib/aarch64-xilinx-elf/gcc/aarch64-xilinx-elf/12.2.0/include
 /home/user/Xilinx/Vitis/2024.1/gnu/aarch64/lin/aarch64-none/x86_64-oesdk-linux/usr/bin/aarch64-xilinx-elf/../../lib/aarch64-xilinx-elf/gcc/aarch64-xilinx-elf/12.2.0/include-fixed
 /home/user/Xilinx/Vitis/2024.1/gnu/aarch64/lin/aarch64-none/bin/../aarch64-xilinx-elf/usr/include/
End of search list.
GNU C17 (GCC) version 12.2.0 (aarch64-xilinx-elf)
	compiled by GNU C version 12.2.0, GMP version 6.2.1, MPFR version 4.1.0, MPC version 1.2.1, isl version none
GGC heuristics: --param ggc-min-expand=100 --param ggc-min-heapsize=131072
Compiler executable checksum: faf2342161a4e41c50a6315b0589fe38
COLLECT_GCC_OPTIONS='--sysroot=/home/user/Xilinx/Vitis/2024.1/gnu/aarch64/lin/aarch64-none/bin/../aarch64-xilinx-elf' '-mbranch-protection=none' '-O2' '-D' 'SDT' '-MMD' '-MP' '-specs=/home/user/workspace/vitis/kr260_pfm/zynqmp_fsbl/zynqmp_fsbl_bsp/Xilinx.spec' '-Os' '-flto' '-ffat-lto-objects' '-D' 'ARMA53_64' '-I' '/home/user/workspace/vitis/kr260_pfm/zynqmp_fsbl/zynqmp_fsbl_bsp/include' '-v' '-o' 'CMakeFiles/cmTC_b64b4.dir/CMakeCCompilerABI.c.obj' '-c' '-march=armv8-a' '-mlittle-endian' '-mabi=lp64' '-dumpdir' 'CMakeFiles/cmTC_b64b4.dir/'
 /home/user/Xilinx/Vitis/2024.1/gnu/aarch64/lin/aarch64-none/x86_64-oesdk-linux/usr/bin/aarch64-xilinx-elf/../../libexec/aarch64-xilinx-elf/gcc/aarch64-xilinx-elf/12.2.0/as -v -I /home/user/workspace/vitis/kr260_pfm/zynqmp_fsbl/zynqmp_fsbl_bsp/include -EL -march=armv8-a -mabi=lp64 -o CMakeFiles/cmTC_b64b4.dir/CMakeCCompilerABI.c.obj /tmp/cctypLwp.s
GNU assembler version 2.39.0 (aarch64-xilinx-elf) using BFD version (GNU Binutils) 2.39.0.20220819
COMPILER_PATH=/home/user/Xilinx/Vitis/2024.1/gnu/aarch64/lin/aarch64-none/x86_64-oesdk-linux/usr/bin/aarch64-xilinx-elf/../../libexec/aarch64-xilinx-elf/gcc/aarch64-xilinx-elf/12.2.0/:/home/user/Xilinx/Vitis/2024.1/gnu/aarch64/lin/aarch64-none/x86_64-oesdk-linux/usr/bin/aarch64-xilinx-elf/../../libexec/aarch64-xilinx-elf/gcc/
LIBRARY_PATH=/home/user/Xilinx/Vitis/2024.1/gnu/aarch64/lin/aarch64-none/x86_64-oesdk-linux/usr/bin/aarch64-xilinx-elf/../../lib/aarch64-xilinx-elf/gcc/aarch64-xilinx-elf/12.2.0/:/home/user/Xilinx/Vitis/2024.1/gnu/aarch64/lin/aarch64-none/x86_64-oesdk-linux/usr/bin/aarch64-xilinx-elf/../../lib/aarch64-xilinx-elf/gcc/:/home/user/Xilinx/Vitis/2024.1/gnu/aarch64/lin/aarch64-none/bin/../aarch64-xilinx-elf/usr/lib64/aarch64-xilinx-elf/12.2.0/:/home/user/Xilinx/Vitis/2024.1/gnu/aarch64/lin/aarch64-none/bin/../aarch64-xilinx-elf/usr/lib64/
COLLECT_GCC_OPTIONS='--sysroot=/home/user/Xilinx/Vitis/2024.1/gnu/aarch64/lin/aarch64-none/bin/../aarch64-xilinx-elf' '-mbranch-protection=none' '-O2' '-D' 'SDT' '-MMD' '-MP' '-specs=/home/user/workspace/vitis/kr260_pfm/zynqmp_fsbl/zynqmp_fsbl_bsp/Xilinx.spec' '-Os' '-flto' '-ffat-lto-objects' '-D' 'ARMA53_64' '-I' '/home/user/workspace/vitis/kr260_pfm/zynqmp_fsbl/zynqmp_fsbl_bsp/include' '-v' '-o' 'CMakeFiles/cmTC_b64b4.dir/CMakeCCompilerABI.c.obj' '-c' '-march=armv8-a' '-mlittle-endian' '-mabi=lp64' '-dumpdir' 'CMakeFiles/cmTC_b64b4.dir/CMakeCCompilerABI.c.'
Linking C executable cmTC_b64b4
/home/user/Xilinx/Vitis/2024.1/tps/lnx64/cmake-3.24.2/bin/cmake -E cmake_link_script CMakeFiles/cmTC_b64b4.dir/link.txt --verbose=1
/home/user/Xilinx/Vitis/2024.1/gnu/aarch64/lin/aarch64-none/bin/aarch64-none-elf-gcc  -O2 -DSDT  -MMD -MP -specs=/home/user/workspace/vitis/kr260_pfm/zynqmp_fsbl/zynqmp_fsbl_bsp/Xilinx.spec -Os -flto -ffat-lto-objects -DARMA53_64 -I/home/user/workspace/vitis/kr260_pfm/zynqmp_fsbl/zynqmp_fsbl_bsp/include   -v CMakeFiles/cmTC_b64b4.dir/CMakeCCompilerABI.c.obj -o cmTC_b64b4 
Using built-in specs.
Reading specs from /home/user/workspace/vitis/kr260_pfm/zynqmp_fsbl/zynqmp_fsbl_bsp/Xilinx.spec
COLLECT_GCC=/home/user/Xilinx/Vitis/2024.1/gnu/aarch64/lin/aarch64-none/bin/../x86_64-oesdk-linux/usr/bin/aarch64-xilinx-elf/aarch64-xilinx-elf-gcc.real
COLLECT_LTO_WRAPPER=/home/user/Xilinx/Vitis/2024.1/gnu/aarch64/lin/aarch64-none/x86_64-oesdk-linux/usr/bin/aarch64-xilinx-elf/../../libexec/aarch64-xilinx-elf/gcc/aarch64-xilinx-elf/12.2.0/lto-wrapper
Target: aarch64-xilinx-elf
Configured with: ../../../../../../work-shared/gcc-12.2.0-r0/gcc-12.2.0/configure --build=x86_64-linux --host=x86_64-oesdk-linux --target=aarch64-xilinx-elf --prefix=/usr/local/oe-sdk-hardcoded-buildpath/sysroots/x86_64-oesdk-linux/usr --exec_prefix=/usr/local/oe-sdk-hardcoded-buildpath/sysroots/x86_64-oesdk-linux/usr --bindir=/usr/local/oe-sdk-hardcoded-buildpath/sysroots/x86_64-oesdk-linux/usr/bin/aarch64-xilinx-elf --sbindir=/usr/local/oe-sdk-hardcoded-buildpath/sysroots/x86_64-oesdk-linux/usr/bin/aarch64-xilinx-elf --libexecdir=/usr/local/oe-sdk-hardcoded-buildpath/sysroots/x86_64-oesdk-linux/usr/libexec/aarch64-xilinx-elf --datadir=/usr/local/oe-sdk-hardcoded-buildpath/sysroots/x86_64-oesdk-linux/usr/share --sysconfdir=/usr/local/oe-sdk-hardcoded-buildpath/sysroots/x86_64-oesdk-linux/etc --sharedstatedir=/usr/local/oe-sdk-hardcoded-buildpath/sysroots/x86_64-oesdk-linux/com --localstatedir=/usr/local/oe-sdk-hardcoded-buildpath/sysroots/x86_64-oesdk-linux/var --libdir=/usr/local/oe-sdk-hardcoded-buildpath/sysroots/x86_64-oesdk-linux/usr/lib/aarch64-xilinx-elf --includedir=/usr/local/oe-sdk-hardcoded-buildpath/sysroots/x86_64-oesdk-linux/usr/include --oldincludedir=/usr/local/oe-sdk-hardcoded-buildpath/sysroots/x86_64-oesdk-linux/usr/include --infodir=/usr/local/oe-sdk-hardcoded-buildpath/sysroots/x86_64-oesdk-linux/usr/share/info --mandir=/usr/local/oe-sdk-hardcoded-buildpath/sysroots/x86_64-oesdk-linux/usr/share/man --disable-silent-rules --disable-dependency-tracking --with-libtool-sysroot=/scratch/jenkins-BUILDS-eSDK-toolchain-2023.1_toolchain-7_Standalone_aarch64-tc/build/aarch64-tc-x86_64/work/x86_64-nativesdk-oesdk-linux/gcc-cross-canadian-aarch64/12.2.0-r0/recipe-sysroot --with-gnu-ld --enable-shared --enable-languages=c,c++,fortran --enable-threads=posix --enable-multilib --enable-c99 --enable-long-long --enable-libstdcxx-pch --program-prefix=aarch64-xilinx-elf- --without-local-prefix --disable-install-libiberty --disable-libssp --enable-libitm --enable-lto --disable-bootstrap --with-system-zlib --enable-linker-build-id --with-ppl=no --with-cloog=no --enable-checking=release --enable-cheaders=c_global --without-isl --with-gxx-include-dir=/not/exist/usr/include/c++/12.2.0 --with-build-time-tools=/scratch/jenkins-BUILDS-eSDK-toolchain-2023.1_toolchain-7_Standalone_aarch64-tc/build/aarch64-tc-x86_64/work/x86_64-nativesdk-oesdk-linux/gcc-cross-canadian-aarch64/12.2.0-r0/recipe-sysroot-native/usr/aarch64-xilinx-elf/bin --with-sysroot=/not/exist --with-build-sysroot=/scratch/jenkins-BUILDS-eSDK-toolchain-2023.1_toolchain-7_Standalone_aarch64-tc/build/aarch64-tc-x86_64/work/x86_64-nativesdk-oesdk-linux/gcc-cross-canadian-aarch64/12.2.0-r0/recipe-sysroot --enable-standard-branch-protection --with-plugin-ld=ld --enable-poison-system-directories --enable-nls --with-glibc-version=2.28 --enable-initfini-array --disable-libstdcxx-pch --with-newlib --disable-threads --enable-plugins --with-gnu-as --disable-libitm --disable-multiarch --with-arch=armv8-a --enable-multilib --with-sysroot=/not/exist
Thread model: single
Supported LTO compression algorithms: zlib zstd
gcc version 12.2.0 (GCC) 
COMPILER_PATH=/home/user/Xilinx/Vitis/2024.1/gnu/aarch64/lin/aarch64-none/x86_64-oesdk-linux/usr/bin/aarch64-xilinx-elf/../../libexec/aarch64-xilinx-elf/gcc/aarch64-xilinx-elf/12.2.0/:/home/user/Xilinx/Vitis/2024.1/gnu/aarch64/lin/aarch64-none/x86_64-oesdk-linux/usr/bin/aarch64-xilinx-elf/../../libexec/aarch64-xilinx-elf/gcc/
LIBRARY_PATH=/home/user/Xilinx/Vitis/2024.1/gnu/aarch64/lin/aarch64-none/x86_64-oesdk-linux/usr/bin/aarch64-xilinx-elf/../../lib/aarch64-xilinx-elf/gcc/aarch64-xilinx-elf/12.2.0/:/home/user/Xilinx/Vitis/2024.1/gnu/aarch64/lin/aarch64-none/x86_64-oesdk-linux/usr/bin/aarch64-xilinx-elf/../../lib/aarch64-xilinx-elf/gcc/:/home/user/Xilinx/Vitis/2024.1/gnu/aarch64/lin/aarch64-none/bin/../aarch64-xilinx-elf/usr/lib64/aarch64-xilinx-elf/12.2.0/:/home/user/Xilinx/Vitis/2024.1/gnu/aarch64/lin/aarch64-none/bin/../aarch64-xilinx-elf/usr/lib64/
COLLECT_GCC_OPTIONS='--sysroot=/home/user/Xilinx/Vitis/2024.1/gnu/aarch64/lin/aarch64-none/bin/../aarch64-xilinx-elf' '-mbranch-protection=none' '-O2' '-D' 'SDT' '-MMD' '-MP' '-specs=/home/user/workspace/vitis/kr260_pfm/zynqmp_fsbl/zynqmp_fsbl_bsp/Xilinx.spec' '-Os' '-flto' '-ffat-lto-objects' '-D' 'ARMA53_64' '-I' '/home/user/workspace/vitis/kr260_pfm/zynqmp_fsbl/zynqmp_fsbl_bsp/include' '-v' '-o' 'cmTC_b64b4' '-march=armv8-a' '-mlittle-endian' '-mabi=lp64' '-dumpdir' 'cmTC_b64b4.'
 /home/user/Xilinx/Vitis/2024.1/gnu/aarch64/lin/aarch64-none/x86_64-oesdk-linux/usr/bin/aarch64-xilinx-elf/../../libexec/aarch64-xilinx-elf/gcc/aarch64-xilinx-elf/12.2.0/collect2 -plugin /home/user/Xilinx/Vitis/2024.1/gnu/aarch64/lin/aarch64-none/x86_64-oesdk-linux/usr/bin/aarch64-xilinx-elf/../../libexec/aarch64-xilinx-elf/gcc/aarch64-xilinx-elf/12.2.0/liblto_plugin.so -plugin-opt=/home/user/Xilinx/Vitis/2024.1/gnu/aarch64/lin/aarch64-none/x86_64-oesdk-linux/usr/bin/aarch64-xilinx-elf/../../libexec/aarch64-xilinx-elf/gcc/aarch64-xilinx-elf/12.2.0/lto-wrapper -plugin-opt=-fresolution=/tmp/ccBtHVB4.res -plugin-opt=-pass-through=-lgcc -plugin-opt=-pass-through=-lc -plugin-opt=-pass-through=-lgcc -flto --sysroot=/home/user/Xilinx/Vitis/2024.1/gnu/aarch64/lin/aarch64-none/bin/../aarch64-xilinx-elf --build-id -EL -X -maarch64elf -o cmTC_b64b4 /home/user/Xilinx/Vitis/2024.1/gnu/aarch64/lin/aarch64-none/bin/../aarch64-xilinx-elf/usr/lib64/aarch64-xilinx-elf/12.2.0/crti.o /home/user/Xilinx/Vitis/2024.1/gnu/aarch64/lin/aarch64-none/bin/../aarch64-xilinx-elf/usr/lib64/aarch64-xilinx-elf/12.2.0/crtbegin.o -L/home/user/Xilinx/Vitis/2024.1/gnu/aarch64/lin/aarch64-none/x86_64-oesdk-linux/usr/bin/aarch64-xilinx-elf/../../lib/aarch64-xilinx-elf/gcc/aarch64-xilinx-elf/12.2.0 -L/home/user/Xilinx/Vitis/2024.1/gnu/aarch64/lin/aarch64-none/x86_64-oesdk-linux/usr/bin/aarch64-xilinx-elf/../../lib/aarch64-xilinx-elf/gcc -L/home/user/Xilinx/Vitis/2024.1/gnu/aarch64/lin/aarch64-none/bin/../aarch64-xilinx-elf/usr/lib64/aarch64-xilinx-elf/12.2.0 -L/home/user/Xilinx/Vitis/2024.1/gnu/aarch64/lin/aarch64-none/bin/../aarch64-xilinx-elf/usr/lib64 --no-warn-rwx-segment CMakeFiles/cmTC_b64b4.dir/CMakeCCompilerABI.c.obj -lgcc -lc -lgcc /home/user/Xilinx/Vitis/2024.1/gnu/aarch64/lin/aarch64-none/bin/../aarch64-xilinx-elf/usr/lib64/aarch64-xilinx-elf/12.2.0/crtend.o /home/user/Xilinx/Vitis/2024.1/gnu/aarch64/lin/aarch64-none/bin/../aarch64-xilinx-elf/usr/lib64/aarch64-xilinx-elf/12.2.0/crtn.o
/home/user/Xilinx/Vitis/2024.1/gnu/aarch64/lin/aarch64-none/x86_64-oesdk-linux/usr/bin/aarch64-xilinx-elf/../../libexec/aarch64-xilinx-elf/gcc/aarch64-xilinx-elf/12.2.0/lto-wrapper -fresolution=/tmp/ccBtHVB4.res -flinker-output=exec CMakeFiles/cmTC_b64b4.dir/CMakeCCompilerABI.c.obj 
/home/user/Xilinx/Vitis/2024.1/gnu/aarch64/lin/aarch64-none/x86_64-oesdk-linux/usr/bin/aarch64-xilinx-elf/../../libexec/aarch64-xilinx-elf/gcc/aarch64-xilinx-elf/12.2.0/lto-wrapper.real -fresolution=/tmp/ccBtHVB4.res -flinker-output=exec CMakeFiles/cmTC_b64b4.dir/CMakeCCompilerABI.c.obj 
/home/user/Xilinx/Vitis/2024.1/gnu/aarch64/lin/aarch64-none/bin/../x86_64-oesdk-linux/usr/bin/aarch64-xilinx-elf/aarch64-xilinx-elf-gcc @/tmp/ccEeoml2
Using built-in specs.
Reading specs from /home/user/workspace/vitis/kr260_pfm/zynqmp_fsbl/zynqmp_fsbl_bsp/Xilinx.spec
COLLECT_GCC=/home/user/Xilinx/Vitis/2024.1/gnu/aarch64/lin/aarch64-none/bin/../x86_64-oesdk-linux/usr/bin/aarch64-xilinx-elf/aarch64-xilinx-elf-gcc.real
Target: aarch64-xilinx-elf
Configured with: ../../../../../../work-shared/gcc-12.2.0-r0/gcc-12.2.0/configure --build=x86_64-linux --host=x86_64-oesdk-linux --target=aarch64-xilinx-elf --prefix=/usr/local/oe-sdk-hardcoded-buildpath/sysroots/x86_64-oesdk-linux/usr --exec_prefix=/usr/local/oe-sdk-hardcoded-buildpath/sysroots/x86_64-oesdk-linux/usr --bindir=/usr/local/oe-sdk-hardcoded-buildpath/sysroots/x86_64-oesdk-linux/usr/bin/aarch64-xilinx-elf --sbindir=/usr/local/oe-sdk-hardcoded-buildpath/sysroots/x86_64-oesdk-linux/usr/bin/aarch64-xilinx-elf --libexecdir=/usr/local/oe-sdk-hardcoded-buildpath/sysroots/x86_64-oesdk-linux/usr/libexec/aarch64-xilinx-elf --datadir=/usr/local/oe-sdk-hardcoded-buildpath/sysroots/x86_64-oesdk-linux/usr/share --sysconfdir=/usr/local/oe-sdk-hardcoded-buildpath/sysroots/x86_64-oesdk-linux/etc --sharedstatedir=/usr/local/oe-sdk-hardcoded-buildpath/sysroots/x86_64-oesdk-linux/com --localstatedir=/usr/local/oe-sdk-hardcoded-buildpath/sysroots/x86_64-oesdk-linux/var --libdir=/usr/local/oe-sdk-hardcoded-buildpath/sysroots/x86_64-oesdk-linux/usr/lib/aarch64-xilinx-elf --includedir=/usr/local/oe-sdk-hardcoded-buildpath/sysroots/x86_64-oesdk-linux/usr/include --oldincludedir=/usr/local/oe-sdk-hardcoded-buildpath/sysroots/x86_64-oesdk-linux/usr/include --infodir=/usr/local/oe-sdk-hardcoded-buildpath/sysroots/x86_64-oesdk-linux/usr/share/info --mandir=/usr/local/oe-sdk-hardcoded-buildpath/sysroots/x86_64-oesdk-linux/usr/share/man --disable-silent-rules --disable-dependency-tracking --with-libtool-sysroot=/scratch/jenkins-BUILDS-eSDK-toolchain-2023.1_toolchain-7_Standalone_aarch64-tc/build/aarch64-tc-x86_64/work/x86_64-nativesdk-oesdk-linux/gcc-cross-canadian-aarch64/12.2.0-r0/recipe-sysroot --with-gnu-ld --enable-shared --enable-languages=c,c++,fortran --enable-threads=posix --enable-multilib --enable-c99 --enable-long-long --enable-libstdcxx-pch --program-prefix=aarch64-xilinx-elf- --without-local-prefix --disable-install-libiberty --disable-libssp --enable-libitm --enable-lto --disable-bootstrap --with-system-zlib --enable-linker-build-id --with-ppl=no --with-cloog=no --enable-checking=release --enable-cheaders=c_global --without-isl --with-gxx-include-dir=/not/exist/usr/include/c++/12.2.0 --with-build-time-tools=/scratch/jenkins-BUILDS-eSDK-toolchain-2023.1_toolchain-7_Standalone_aarch64-tc/build/aarch64-tc-x86_64/work/x86_64-nativesdk-oesdk-linux/gcc-cross-canadian-aarch64/12.2.0-r0/recipe-sysroot-native/usr/aarch64-xilinx-elf/bin --with-sysroot=/not/exist --with-build-sysroot=/scratch/jenkins-BUILDS-eSDK-toolchain-2023.1_toolchain-7_Standalone_aarch64-tc/build/aarch64-tc-x86_64/work/x86_64-nativesdk-oesdk-linux/gcc-cross-canadian-aarch64/12.2.0-r0/recipe-sysroot --enable-standard-branch-protection --with-plugin-ld=ld --enable-poison-system-directories --enable-nls --with-glibc-version=2.28 --enable-initfini-array --disable-libstdcxx-pch --with-newlib --disable-threads --enable-plugins --with-gnu-as --disable-libitm --disable-multiarch --with-arch=armv8-a --enable-multilib --with-sysroot=/not/exist
Thread model: single
Supported LTO compression algorithms: zlib zstd
gcc version 12.2.0 (GCC) 
COLLECT_GCC_OPTIONS='-c' '-fno-openmp' '-fno-openacc' '-fno-pie' '-fcf-protection=none' '-mbranch-protection=none' '-mlittle-endian' '-mabi=lp64' '-O2' '-Os' '--sysroot=/home/user/Xilinx/Vitis/2024.1/gnu/aarch64/lin/aarch64-none/bin/../aarch64-xilinx-elf' '-mbranch-protection=none' '-O2' '-specs=/home/user/workspace/vitis/kr260_pfm/zynqmp_fsbl/zynqmp_fsbl_bsp/Xilinx.spec' '-Os' '-ffat-lto-objects' '-v' '-march=armv8-a' '-mlittle-endian' '-mabi=lp64'   '-fltrans-output-list=/tmp/ccWta8rs.ltrans.out' '-fwpa' '-fresolution=/tmp/ccBtHVB4.res' '-flinker-output=exec'
 /home/user/Xilinx/Vitis/2024.1/gnu/aarch64/lin/aarch64-none/x86_64-oesdk-linux/usr/bin/aarch64-xilinx-elf/../../lib/aarch64-xilinx-elf/gcc/../../../libexec/aarch64-xilinx-elf/gcc/aarch64-xilinx-elf/12.2.0/lto1 -quiet -dumpbase ./cmTC_b64b4.wpa -mbranch-protection=none -mlittle-endian -mabi=lp64 -mbranch-protection=none -march=armv8-a -mlittle-endian -mabi=lp64 -O2 -Os -O2 -Os -version -fno-openmp -fno-openacc -fno-pie -fcf-protection=none -ffat-lto-objects -fltrans-output-list=/tmp/ccWta8rs.ltrans.out -fwpa -fresolution=/tmp/ccBtHVB4.res -flinker-output=exec @/tmp/ccxaazLO
GNU GIMPLE (GCC) version 12.2.0 (aarch64-xilinx-elf)
	compiled by GNU C version 12.2.0, GMP version 6.2.1, MPFR version 4.1.0, MPC version 1.2.1, isl version none
GGC heuristics: --param ggc-min-expand=100 --param ggc-min-heapsize=131072
GNU GIMPLE (GCC) version 12.2.0 (aarch64-xilinx-elf)
	compiled by GNU C version 12.2.0, GMP version 6.2.1, MPFR version 4.1.0, MPC version 1.2.1, isl version none
GGC heuristics: --param ggc-min-expand=100 --param ggc-min-heapsize=131072
COMPILER_PATH=/home/user/Xilinx/Vitis/2024.1/gnu/aarch64/lin/aarch64-none/x86_64-oesdk-linux/usr/bin/aarch64-xilinx-elf/../../lib/aarch64-xilinx-elf/gcc/../../../libexec/aarch64-xilinx-elf/gcc/aarch64-xilinx-elf/12.2.0/:/home/user/Xilinx/Vitis/2024.1/gnu/aarch64/lin/aarch64-none/x86_64-oesdk-linux/usr/bin/aarch64-xilinx-elf/../../lib/aarch64-xilinx-elf/gcc/../../../libexec/aarch64-xilinx-elf/gcc/:/home/user/Xilinx/Vitis/2024.1/gnu/aarch64/lin/aarch64-none/x86_64-oesdk-linux/usr/bin/aarch64-xilinx-elf/../../libexec/aarch64-xilinx-elf/gcc/aarch64-xilinx-elf/12.2.0/:/home/user/Xilinx/Vitis/2024.1/gnu/aarch64/lin/aarch64-none/x86_64-oesdk-linux/usr/bin/aarch64-xilinx-elf/../../libexec/aarch64-xilinx-elf/gcc/aarch64-xilinx-elf/12.2.0/:/home/user/Xilinx/Vitis/2024.1/gnu/aarch64/lin/aarch64-none/x86_64-oesdk-linux/usr/bin/aarch64-xilinx-elf/../../libexec/aarch64-xilinx-elf/gcc/
LIBRARY_PATH=/home/user/Xilinx/Vitis/2024.1/gnu/aarch64/lin/aarch64-none/x86_64-oesdk-linux/usr/bin/aarch64-xilinx-elf/../../lib/aarch64-xilinx-elf/gcc/aarch64-xilinx-elf/12.2.0/:/home/user/Xilinx/Vitis/2024.1/gnu/aarch64/lin/aarch64-none/x86_64-oesdk-linux/usr/bin/aarch64-xilinx-elf/../../lib/aarch64-xilinx-elf/gcc/:/home/user/Xilinx/Vitis/2024.1/gnu/aarch64/lin/aarch64-none/bin/../aarch64-xilinx-elf/usr/lib64/aarch64-xilinx-elf/12.2.0/:/home/user/Xilinx/Vitis/2024.1/gnu/aarch64/lin/aarch64-none/bin/../aarch64-xilinx-elf/usr/lib64/
COLLECT_GCC_OPTIONS='-c' '-fno-openmp' '-fno-openacc' '-fno-pie' '-fcf-protection=none' '-mbranch-protection=none' '-mlittle-endian' '-mabi=lp64' '-O2' '-Os' '--sysroot=/home/user/Xilinx/Vitis/2024.1/gnu/aarch64/lin/aarch64-none/bin/../aarch64-xilinx-elf' '-mbranch-protection=none' '-O2' '-specs=/home/user/workspace/vitis/kr260_pfm/zynqmp_fsbl/zynqmp_fsbl_bsp/Xilinx.spec' '-Os' '-ffat-lto-objects' '-v' '-march=armv8-a' '-mlittle-endian' '-mabi=lp64'   '-fltrans-output-list=/tmp/ccWta8rs.ltrans.out' '-fwpa' '-fresolution=/tmp/ccBtHVB4.res' '-flinker-output=exec' '-dumpdir' './cmTC_b64b4.wpa.'
/home/user/Xilinx/Vitis/2024.1/gnu/aarch64/lin/aarch64-none/bin/../x86_64-oesdk-linux/usr/bin/aarch64-xilinx-elf/aarch64-xilinx-elf-gcc @/tmp/ccPLrem8
Using built-in specs.
Reading specs from /home/user/workspace/vitis/kr260_pfm/zynqmp_fsbl/zynqmp_fsbl_bsp/Xilinx.spec
COLLECT_GCC=/home/user/Xilinx/Vitis/2024.1/gnu/aarch64/lin/aarch64-none/bin/../x86_64-oesdk-linux/usr/bin/aarch64-xilinx-elf/aarch64-xilinx-elf-gcc.real
Target: aarch64-xilinx-elf
Configured with: ../../../../../../work-shared/gcc-12.2.0-r0/gcc-12.2.0/configure --build=x86_64-linux --host=x86_64-oesdk-linux --target=aarch64-xilinx-elf --prefix=/usr/local/oe-sdk-hardcoded-buildpath/sysroots/x86_64-oesdk-linux/usr --exec_prefix=/usr/local/oe-sdk-hardcoded-buildpath/sysroots/x86_64-oesdk-linux/usr --bindir=/usr/local/oe-sdk-hardcoded-buildpath/sysroots/x86_64-oesdk-linux/usr/bin/aarch64-xilinx-elf --sbindir=/usr/local/oe-sdk-hardcoded-buildpath/sysroots/x86_64-oesdk-linux/usr/bin/aarch64-xilinx-elf --libexecdir=/usr/local/oe-sdk-hardcoded-buildpath/sysroots/x86_64-oesdk-linux/usr/libexec/aarch64-xilinx-elf --datadir=/usr/local/oe-sdk-hardcoded-buildpath/sysroots/x86_64-oesdk-linux/usr/share --sysconfdir=/usr/local/oe-sdk-hardcoded-buildpath/sysroots/x86_64-oesdk-linux/etc --sharedstatedir=/usr/local/oe-sdk-hardcoded-buildpath/sysroots/x86_64-oesdk-linux/com --localstatedir=/usr/local/oe-sdk-hardcoded-buildpath/sysroots/x86_64-oesdk-linux/var --libdir=/usr/local/oe-sdk-hardcoded-buildpath/sysroots/x86_64-oesdk-linux/usr/lib/aarch64-xilinx-elf --includedir=/usr/local/oe-sdk-hardcoded-buildpath/sysroots/x86_64-oesdk-linux/usr/include --oldincludedir=/usr/local/oe-sdk-hardcoded-buildpath/sysroots/x86_64-oesdk-linux/usr/include --infodir=/usr/local/oe-sdk-hardcoded-buildpath/sysroots/x86_64-oesdk-linux/usr/share/info --mandir=/usr/local/oe-sdk-hardcoded-buildpath/sysroots/x86_64-oesdk-linux/usr/share/man --disable-silent-rules --disable-dependency-tracking --with-libtool-sysroot=/scratch/jenkins-BUILDS-eSDK-toolchain-2023.1_toolchain-7_Standalone_aarch64-tc/build/aarch64-tc-x86_64/work/x86_64-nativesdk-oesdk-linux/gcc-cross-canadian-aarch64/12.2.0-r0/recipe-sysroot --with-gnu-ld --enable-shared --enable-languages=c,c++,fortran --enable-threads=posix --enable-multilib --enable-c99 --enable-long-long --enable-libstdcxx-pch --program-prefix=aarch64-xilinx-elf- --without-local-prefix --disable-install-libiberty --disable-libssp --enable-libitm --enable-lto --disable-bootstrap --with-system-zlib --enable-linker-build-id --with-ppl=no --with-cloog=no --enable-checking=release --enable-cheaders=c_global --without-isl --with-gxx-include-dir=/not/exist/usr/include/c++/12.2.0 --with-build-time-tools=/scratch/jenkins-BUILDS-eSDK-toolchain-2023.1_toolchain-7_Standalone_aarch64-tc/build/aarch64-tc-x86_64/work/x86_64-nativesdk-oesdk-linux/gcc-cross-canadian-aarch64/12.2.0-r0/recipe-sysroot-native/usr/aarch64-xilinx-elf/bin --with-sysroot=/not/exist --with-build-sysroot=/scratch/jenkins-BUILDS-eSDK-toolchain-2023.1_toolchain-7_Standalone_aarch64-tc/build/aarch64-tc-x86_64/work/x86_64-nativesdk-oesdk-linux/gcc-cross-canadian-aarch64/12.2.0-r0/recipe-sysroot --enable-standard-branch-protection --with-plugin-ld=ld --enable-poison-system-directories --enable-nls --with-glibc-version=2.28 --enable-initfini-array --disable-libstdcxx-pch --with-newlib --disable-threads --enable-plugins --with-gnu-as --disable-libitm --disable-multiarch --with-arch=armv8-a --enable-multilib --with-sysroot=/not/exist
Thread model: single
Supported LTO compression algorithms: zlib zstd
gcc version 12.2.0 (GCC) 
COLLECT_GCC_OPTIONS='-c' '-fno-openmp' '-fno-openacc' '-fno-pie' '-fcf-protection=none' '-mbranch-protection=none' '-mlittle-endian' '-mabi=lp64' '-O2' '-Os' '--sysroot=/home/user/Xilinx/Vitis/2024.1/gnu/aarch64/lin/aarch64-none/bin/../aarch64-xilinx-elf' '-mbranch-protection=none' '-O2' '-specs=/home/user/workspace/vitis/kr260_pfm/zynqmp_fsbl/zynqmp_fsbl_bsp/Xilinx.spec' '-Os' '-ffat-lto-objects' '-v' '-march=armv8-a' '-mlittle-endian' '-mabi=lp64'   '-fltrans' '-o' '/tmp/ccWta8rs.ltrans0.ltrans.o'
 /home/user/Xilinx/Vitis/2024.1/gnu/aarch64/lin/aarch64-none/x86_64-oesdk-linux/usr/bin/aarch64-xilinx-elf/../../lib/aarch64-xilinx-elf/gcc/../../../libexec/aarch64-xilinx-elf/gcc/aarch64-xilinx-elf/12.2.0/lto1 -quiet -dumpbase ./cmTC_b64b4.ltrans0.ltrans -mbranch-protection=none -mlittle-endian -mabi=lp64 -mbranch-protection=none -march=armv8-a -mlittle-endian -mabi=lp64 -O2 -Os -O2 -Os -version -fno-openmp -fno-openacc -fno-pie -fcf-protection=none -ffat-lto-objects -fltrans @/tmp/cccEKSd7 -o /tmp/ccTJvki0.s
GNU GIMPLE (GCC) version 12.2.0 (aarch64-xilinx-elf)
	compiled by GNU C version 12.2.0, GMP version 6.2.1, MPFR version 4.1.0, MPC version 1.2.1, isl version none
GGC heuristics: --param ggc-min-expand=100 --param ggc-min-heapsize=131072
GNU GIMPLE (GCC) version 12.2.0 (aarch64-xilinx-elf)
	compiled by GNU C version 12.2.0, GMP version 6.2.1, MPFR version 4.1.0, MPC version 1.2.1, isl version none
GGC heuristics: --param ggc-min-expand=100 --param ggc-min-heapsize=131072
COLLECT_GCC_OPTIONS='-c' '-fno-openmp' '-fno-openacc' '-fno-pie' '-fcf-protection=none' '-mbranch-protection=none' '-mlittle-endian' '-mabi=lp64' '-O2' '-Os' '--sysroot=/home/user/Xilinx/Vitis/2024.1/gnu/aarch64/lin/aarch64-none/bin/../aarch64-xilinx-elf' '-mbranch-protection=none' '-O2' '-specs=/home/user/workspace/vitis/kr260_pfm/zynqmp_fsbl/zynqmp_fsbl_bsp/Xilinx.spec' '-Os' '-ffat-lto-objects' '-v' '-march=armv8-a' '-mlittle-endian' '-mabi=lp64'   '-fltrans' '-o' '/tmp/ccWta8rs.ltrans0.ltrans.o'
 /home/user/Xilinx/Vitis/2024.1/gnu/aarch64/lin/aarch64-none/x86_64-oesdk-linux/usr/bin/aarch64-xilinx-elf/../../lib/aarch64-xilinx-elf/gcc/../../../libexec/aarch64-xilinx-elf/gcc/aarch64-xilinx-elf/12.2.0/as -v -EL -march=armv8-a -mabi=lp64 -mabi=lp64 -o /tmp/ccWta8rs.ltrans0.ltrans.o /tmp/ccTJvki0.s
GNU assembler version 2.39.0 (aarch64-xilinx-elf) using BFD version (GNU Binutils) 2.39.0.20220819
COMPILER_PATH=/home/user/Xilinx/Vitis/2024.1/gnu/aarch64/lin/aarch64-none/x86_64-oesdk-linux/usr/bin/aarch64-xilinx-elf/../../lib/aarch64-xilinx-elf/gcc/../../../libexec/aarch64-xilinx-elf/gcc/aarch64-xilinx-elf/12.2.0/:/home/user/Xilinx/Vitis/2024.1/gnu/aarch64/lin/aarch64-none/x86_64-oesdk-linux/usr/bin/aarch64-xilinx-elf/../../lib/aarch64-xilinx-elf/gcc/../../../libexec/aarch64-xilinx-elf/gcc/:/home/user/Xilinx/Vitis/2024.1/gnu/aarch64/lin/aarch64-none/x86_64-oesdk-linux/usr/bin/aarch64-xilinx-elf/../../libexec/aarch64-xilinx-elf/gcc/aarch64-xilinx-elf/12.2.0/:/home/user/Xilinx/Vitis/2024.1/gnu/aarch64/lin/aarch64-none/x86_64-oesdk-linux/usr/bin/aarch64-xilinx-elf/../../libexec/aarch64-xilinx-elf/gcc/aarch64-xilinx-elf/12.2.0/:/home/user/Xilinx/Vitis/2024.1/gnu/aarch64/lin/aarch64-none/x86_64-oesdk-linux/usr/bin/aarch64-xilinx-elf/../../libexec/aarch64-xilinx-elf/gcc/
LIBRARY_PATH=/home/user/Xilinx/Vitis/2024.1/gnu/aarch64/lin/aarch64-none/x86_64-oesdk-linux/usr/bin/aarch64-xilinx-elf/../../lib/aarch64-xilinx-elf/gcc/aarch64-xilinx-elf/12.2.0/:/home/user/Xilinx/Vitis/2024.1/gnu/aarch64/lin/aarch64-none/x86_64-oesdk-linux/usr/bin/aarch64-xilinx-elf/../../lib/aarch64-xilinx-elf/gcc/:/home/user/Xilinx/Vitis/2024.1/gnu/aarch64/lin/aarch64-none/bin/../aarch64-xilinx-elf/usr/lib64/aarch64-xilinx-elf/12.2.0/:/home/user/Xilinx/Vitis/2024.1/gnu/aarch64/lin/aarch64-none/bin/../aarch64-xilinx-elf/usr/lib64/
COLLECT_GCC_OPTIONS='-c' '-fno-openmp' '-fno-openacc' '-fno-pie' '-fcf-protection=none' '-mbranch-protection=none' '-mlittle-endian' '-mabi=lp64' '-O2' '-Os' '--sysroot=/home/user/Xilinx/Vitis/2024.1/gnu/aarch64/lin/aarch64-none/bin/../aarch64-xilinx-elf' '-mbranch-protection=none' '-O2' '-specs=/home/user/workspace/vitis/kr260_pfm/zynqmp_fsbl/zynqmp_fsbl_bsp/Xilinx.spec' '-Os' '-ffat-lto-objects' '-v' '-march=armv8-a' '-mlittle-endian' '-mabi=lp64'   '-fltrans' '-o' '/tmp/ccWta8rs.ltrans0.ltrans.o' '-dumpdir' './cmTC_b64b4.ltrans0.ltrans.'
/home/user/Xilinx/Vitis/2024.1/gnu/aarch64/lin/aarch64-none/x86_64-oesdk-linux/usr/bin/aarch64-xilinx-elf/aarch64-xilinx-elf-ld.real: warning: cannot find entry symbol _start; defaulting to 0000000000400060
COLLECT_GCC_OPTIONS='--sysroot=/home/user/Xilinx/Vitis/2024.1/gnu/aarch64/lin/aarch64-none/bin/../aarch64-xilinx-elf' '-mbranch-protection=none' '-O2' '-D' 'SDT' '-MMD' '-MP' '-specs=/home/user/workspace/vitis/kr260_pfm/zynqmp_fsbl/zynqmp_fsbl_bsp/Xilinx.spec' '-Os' '-flto' '-ffat-lto-objects' '-D' 'ARMA53_64' '-I' '/home/user/workspace/vitis/kr260_pfm/zynqmp_fsbl/zynqmp_fsbl_bsp/include' '-v' '-o' 'cmTC_b64b4' '-march=armv8-a' '-mlittle-endian' '-mabi=lp64' '-dumpdir' 'cmTC_b64b4.'
gmake[1]: Leaving directory '/home/user/workspace/vitis/kr260_pfm/zynqmp_fsbl/zynqmp_fsbl_bsp/libsrc/build_configs/gen_bsp/CMakeFiles/CMakeTmp'



Parsed C implicit include dir info from above output: rv=done
  found start of include info
  found start of implicit include info
    add: [/home/user/workspace/vitis/kr260_pfm/zynqmp_fsbl/zynqmp_fsbl_bsp/include]
    add: [/home/user/Xilinx/Vitis/2024.1/gnu/aarch64/lin/aarch64-none/x86_64-oesdk-linux/usr/bin/aarch64-xilinx-elf/../../lib/aarch64-xilinx-elf/gcc/aarch64-xilinx-elf/12.2.0/include]
    add: [/home/user/Xilinx/Vitis/2024.1/gnu/aarch64/lin/aarch64-none/x86_64-oesdk-linux/usr/bin/aarch64-xilinx-elf/../../lib/aarch64-xilinx-elf/gcc/aarch64-xilinx-elf/12.2.0/include-fixed]
    add: [/home/user/Xilinx/Vitis/2024.1/gnu/aarch64/lin/aarch64-none/bin/../aarch64-xilinx-elf/usr/include/]
  end of search list found
  collapse include dir [/home/user/workspace/vitis/kr260_pfm/zynqmp_fsbl/zynqmp_fsbl_bsp/include] ==> [/home/user/workspace/vitis/kr260_pfm/zynqmp_fsbl/zynqmp_fsbl_bsp/include]
  collapse include dir [/home/user/Xilinx/Vitis/2024.1/gnu/aarch64/lin/aarch64-none/x86_64-oesdk-linux/usr/bin/aarch64-xilinx-elf/../../lib/aarch64-xilinx-elf/gcc/aarch64-xilinx-elf/12.2.0/include] ==> [/home/user/Xilinx/Vitis/2024.1/gnu/aarch64/lin/aarch64-none/x86_64-oesdk-linux/usr/lib/aarch64-xilinx-elf/gcc/aarch64-xilinx-elf/12.2.0/include]
  collapse include dir [/home/user/Xilinx/Vitis/2024.1/gnu/aarch64/lin/aarch64-none/x86_64-oesdk-linux/usr/bin/aarch64-xilinx-elf/../../lib/aarch64-xilinx-elf/gcc/aarch64-xilinx-elf/12.2.0/include-fixed] ==> [/home/user/Xilinx/Vitis/2024.1/gnu/aarch64/lin/aarch64-none/x86_64-oesdk-linux/usr/lib/aarch64-xilinx-elf/gcc/aarch64-xilinx-elf/12.2.0/include-fixed]
  collapse include dir [/home/user/Xilinx/Vitis/2024.1/gnu/aarch64/lin/aarch64-none/bin/../aarch64-xilinx-elf/usr/include/] ==> [/home/user/Xilinx/Vitis/2024.1/gnu/aarch64/lin/aarch64-none/aarch64-xilinx-elf/usr/include]
  implicit include dirs: [/home/user/workspace/vitis/kr260_pfm/zynqmp_fsbl/zynqmp_fsbl_bsp/include;/home/user/Xilinx/Vitis/2024.1/gnu/aarch64/lin/aarch64-none/x86_64-oesdk-linux/usr/lib/aarch64-xilinx-elf/gcc/aarch64-xilinx-elf/12.2.0/include;/home/user/Xilinx/Vitis/2024.1/gnu/aarch64/lin/aarch64-none/x86_64-oesdk-linux/usr/lib/aarch64-xilinx-elf/gcc/aarch64-xilinx-elf/12.2.0/include-fixed;/home/user/Xilinx/Vitis/2024.1/gnu/aarch64/lin/aarch64-none/aarch64-xilinx-elf/usr/include]


Parsed C implicit link information from above output:
  link line regex: [^( *|.*[/\])(aarch64-none-elf-ld|CMAKE_LINK_STARTFILE-NOTFOUND|([^/\]+-)?ld|collect2)[^/\]*( |$)]
  ignore line: [Change Dir: /home/user/workspace/vitis/kr260_pfm/zynqmp_fsbl/zynqmp_fsbl_bsp/libsrc/build_configs/gen_bsp/CMakeFiles/CMakeTmp]
  ignore line: []
  ignore line: [Run Build Command(s):/bin/gmake -f Makefile cmTC_b64b4/fast && /bin/gmake  -f CMakeFiles/cmTC_b64b4.dir/build.make CMakeFiles/cmTC_b64b4.dir/build]
  ignore line: [gmake[1]: Entering directory '/home/user/workspace/vitis/kr260_pfm/zynqmp_fsbl/zynqmp_fsbl_bsp/libsrc/build_configs/gen_bsp/CMakeFiles/CMakeTmp']
  ignore line: [Building C object CMakeFiles/cmTC_b64b4.dir/CMakeCCompilerABI.c.obj]
  ignore line: [/home/user/Xilinx/Vitis/2024.1/gnu/aarch64/lin/aarch64-none/bin/aarch64-none-elf-gcc   -O2 -DSDT  -MMD -MP -specs=/home/user/workspace/vitis/kr260_pfm/zynqmp_fsbl/zynqmp_fsbl_bsp/Xilinx.spec -Os -flto -ffat-lto-objects -DARMA53_64 -I/home/user/workspace/vitis/kr260_pfm/zynqmp_fsbl/zynqmp_fsbl_bsp/include    -v -o CMakeFiles/cmTC_b64b4.dir/CMakeCCompilerABI.c.obj -c /home/user/Xilinx/Vitis/2024.1/tps/lnx64/cmake-3.24.2/share/cmake-3.24/Modules/CMakeCCompilerABI.c]
  ignore line: [Using built-in specs.]
  ignore line: [Reading specs from /home/user/workspace/vitis/kr260_pfm/zynqmp_fsbl/zynqmp_fsbl_bsp/Xilinx.spec]
  ignore line: [COLLECT_GCC=/home/user/Xilinx/Vitis/2024.1/gnu/aarch64/lin/aarch64-none/bin/../x86_64-oesdk-linux/usr/bin/aarch64-xilinx-elf/aarch64-xilinx-elf-gcc.real]
  ignore line: [Target: aarch64-xilinx-elf]
  ignore line: [Configured with: ../../../../../../work-shared/gcc-12.2.0-r0/gcc-12.2.0/configure --build=x86_64-linux --host=x86_64-oesdk-linux --target=aarch64-xilinx-elf --prefix=/usr/local/oe-sdk-hardcoded-buildpath/sysroots/x86_64-oesdk-linux/usr --exec_prefix=/usr/local/oe-sdk-hardcoded-buildpath/sysroots/x86_64-oesdk-linux/usr --bindir=/usr/local/oe-sdk-hardcoded-buildpath/sysroots/x86_64-oesdk-linux/usr/bin/aarch64-xilinx-elf --sbindir=/usr/local/oe-sdk-hardcoded-buildpath/sysroots/x86_64-oesdk-linux/usr/bin/aarch64-xilinx-elf --libexecdir=/usr/local/oe-sdk-hardcoded-buildpath/sysroots/x86_64-oesdk-linux/usr/libexec/aarch64-xilinx-elf --datadir=/usr/local/oe-sdk-hardcoded-buildpath/sysroots/x86_64-oesdk-linux/usr/share --sysconfdir=/usr/local/oe-sdk-hardcoded-buildpath/sysroots/x86_64-oesdk-linux/etc --sharedstatedir=/usr/local/oe-sdk-hardcoded-buildpath/sysroots/x86_64-oesdk-linux/com --localstatedir=/usr/local/oe-sdk-hardcoded-buildpath/sysroots/x86_64-oesdk-linux/var --libdir=/usr/local/oe-sdk-hardcoded-buildpath/sysroots/x86_64-oesdk-linux/usr/lib/aarch64-xilinx-elf --includedir=/usr/local/oe-sdk-hardcoded-buildpath/sysroots/x86_64-oesdk-linux/usr/include --oldincludedir=/usr/local/oe-sdk-hardcoded-buildpath/sysroots/x86_64-oesdk-linux/usr/include --infodir=/usr/local/oe-sdk-hardcoded-buildpath/sysroots/x86_64-oesdk-linux/usr/share/info --mandir=/usr/local/oe-sdk-hardcoded-buildpath/sysroots/x86_64-oesdk-linux/usr/share/man --disable-silent-rules --disable-dependency-tracking --with-libtool-sysroot=/scratch/jenkins-BUILDS-eSDK-toolchain-2023.1_toolchain-7_Standalone_aarch64-tc/build/aarch64-tc-x86_64/work/x86_64-nativesdk-oesdk-linux/gcc-cross-canadian-aarch64/12.2.0-r0/recipe-sysroot --with-gnu-ld --enable-shared --enable-languages=c,c++,fortran --enable-threads=posix --enable-multilib --enable-c99 --enable-long-long --enable-libstdcxx-pch --program-prefix=aarch64-xilinx-elf- --without-local-prefix --disable-install-libiberty --disable-libssp --enable-libitm --enable-lto --disable-bootstrap --with-system-zlib --enable-linker-build-id --with-ppl=no --with-cloog=no --enable-checking=release --enable-cheaders=c_global --without-isl --with-gxx-include-dir=/not/exist/usr/include/c++/12.2.0 --with-build-time-tools=/scratch/jenkins-BUILDS-eSDK-toolchain-2023.1_toolchain-7_Standalone_aarch64-tc/build/aarch64-tc-x86_64/work/x86_64-nativesdk-oesdk-linux/gcc-cross-canadian-aarch64/12.2.0-r0/recipe-sysroot-native/usr/aarch64-xilinx-elf/bin --with-sysroot=/not/exist --with-build-sysroot=/scratch/jenkins-BUILDS-eSDK-toolchain-2023.1_toolchain-7_Standalone_aarch64-tc/build/aarch64-tc-x86_64/work/x86_64-nativesdk-oesdk-linux/gcc-cross-canadian-aarch64/12.2.0-r0/recipe-sysroot --enable-standard-branch-protection --with-plugin-ld=ld --enable-poison-system-directories --enable-nls --with-glibc-version=2.28 --enable-initfini-array --disable-libstdcxx-pch --with-newlib --disable-threads --enable-plugins --with-gnu-as --disable-libitm --disable-multiarch --with-arch=armv8-a --enable-multilib --with-sysroot=/not/exist]
  ignore line: [Thread model: single]
  ignore line: [Supported LTO compression algorithms: zlib zstd]
  ignore line: [gcc version 12.2.0 (GCC) ]
  ignore line: [COLLECT_GCC_OPTIONS='--sysroot=/home/user/Xilinx/Vitis/2024.1/gnu/aarch64/lin/aarch64-none/bin/../aarch64-xilinx-elf' '-mbranch-protection=none' '-O2' '-D' 'SDT' '-MMD' '-MP' '-specs=/home/user/workspace/vitis/kr260_pfm/zynqmp_fsbl/zynqmp_fsbl_bsp/Xilinx.spec' '-Os' '-flto' '-ffat-lto-objects' '-D' 'ARMA53_64' '-I' '/home/user/workspace/vitis/kr260_pfm/zynqmp_fsbl/zynqmp_fsbl_bsp/include' '-v' '-o' 'CMakeFiles/cmTC_b64b4.dir/CMakeCCompilerABI.c.obj' '-c' '-march=armv8-a' '-mlittle-endian' '-mabi=lp64' '-dumpdir' 'CMakeFiles/cmTC_b64b4.dir/']
  ignore line: [ /home/user/Xilinx/Vitis/2024.1/gnu/aarch64/lin/aarch64-none/x86_64-oesdk-linux/usr/bin/aarch64-xilinx-elf/../../libexec/aarch64-xilinx-elf/gcc/aarch64-xilinx-elf/12.2.0/cc1 -quiet -v -I /home/user/workspace/vitis/kr260_pfm/zynqmp_fsbl/zynqmp_fsbl_bsp/include -iprefix /home/user/Xilinx/Vitis/2024.1/gnu/aarch64/lin/aarch64-none/x86_64-oesdk-linux/usr/bin/aarch64-xilinx-elf/../../lib/aarch64-xilinx-elf/gcc/aarch64-xilinx-elf/12.2.0/ -isysroot /home/user/Xilinx/Vitis/2024.1/gnu/aarch64/lin/aarch64-none/bin/../aarch64-xilinx-elf -MMD CMakeFiles/cmTC_b64b4.dir/CMakeCCompilerABI.c.d -MP -MQ CMakeFiles/cmTC_b64b4.dir/CMakeCCompilerABI.c.obj -D SDT -D ARMA53_64 /home/user/Xilinx/Vitis/2024.1/tps/lnx64/cmake-3.24.2/share/cmake-3.24/Modules/CMakeCCompilerABI.c -quiet -dumpdir CMakeFiles/cmTC_b64b4.dir/ -dumpbase CMakeCCompilerABI.c.c -dumpbase-ext .c -mbranch-protection=none -march=armv8-a -mlittle-endian -mabi=lp64 -O2 -Os -version -flto -ffat-lto-objects -o /tmp/cctypLwp.s]
  ignore line: [GNU C17 (GCC) version 12.2.0 (aarch64-xilinx-elf)]
  ignore line: [	compiled by GNU C version 12.2.0  GMP version 6.2.1  MPFR version 4.1.0  MPC version 1.2.1  isl version none]
  ignore line: [GGC heuristics: --param ggc-min-expand=100 --param ggc-min-heapsize=131072]
  ignore line: [ignoring nonexistent directory "/home/user/Xilinx/Vitis/2024.1/gnu/aarch64/lin/aarch64-none/x86_64-oesdk-linux/usr/bin/aarch64-xilinx-elf/../../lib/aarch64-xilinx-elf/gcc/aarch64-xilinx-elf/12.2.0/../../../../../aarch64-xilinx-elf/include"]
  ignore line: [ignoring duplicate directory "/home/user/Xilinx/Vitis/2024.1/gnu/aarch64/lin/aarch64-none/x86_64-oesdk-linux/usr/bin/aarch64-xilinx-elf/../../lib/aarch64-xilinx-elf/gcc/../../../lib/aarch64-xilinx-elf/gcc/aarch64-xilinx-elf/12.2.0/include"]
  ignore line: [ignoring nonexistent directory "/home/user/Xilinx/Vitis/2024.1/gnu/aarch64/lin/aarch64-none/bin/../aarch64-xilinx-elf/usr/lib64/aarch64-xilinx-elf/12.2.0/include"]
  ignore line: [ignoring nonexistent directory "/home/user/Xilinx/Vitis/2024.1/gnu/aarch64/lin/aarch64-none/bin/../aarch64-xilinx-elf/usr/local/include"]
  ignore line: [ignoring duplicate directory "/home/user/Xilinx/Vitis/2024.1/gnu/aarch64/lin/aarch64-none/x86_64-oesdk-linux/usr/bin/aarch64-xilinx-elf/../../lib/aarch64-xilinx-elf/gcc/../../../lib/aarch64-xilinx-elf/gcc/aarch64-xilinx-elf/12.2.0/include-fixed"]
  ignore line: [ignoring nonexistent directory "/home/user/Xilinx/Vitis/2024.1/gnu/aarch64/lin/aarch64-none/x86_64-oesdk-linux/usr/bin/aarch64-xilinx-elf/../../lib/aarch64-xilinx-elf/gcc/../../../lib/aarch64-xilinx-elf/gcc/aarch64-xilinx-elf/12.2.0/../../../../../aarch64-xilinx-elf/include"]
  ignore line: [#include "..." search starts here:]
  ignore line: [#include <...> search starts here:]
  ignore line: [ /home/user/workspace/vitis/kr260_pfm/zynqmp_fsbl/zynqmp_fsbl_bsp/include]
  ignore line: [ /home/user/Xilinx/Vitis/2024.1/gnu/aarch64/lin/aarch64-none/x86_64-oesdk-linux/usr/bin/aarch64-xilinx-elf/../../lib/aarch64-xilinx-elf/gcc/aarch64-xilinx-elf/12.2.0/include]
  ignore line: [ /home/user/Xilinx/Vitis/2024.1/gnu/aarch64/lin/aarch64-none/x86_64-oesdk-linux/usr/bin/aarch64-xilinx-elf/../../lib/aarch64-xilinx-elf/gcc/aarch64-xilinx-elf/12.2.0/include-fixed]
  ignore line: [ /home/user/Xilinx/Vitis/2024.1/gnu/aarch64/lin/aarch64-none/bin/../aarch64-xilinx-elf/usr/include/]
  ignore line: [End of search list.]
  ignore line: [GNU C17 (GCC) version 12.2.0 (aarch64-xilinx-elf)]
  ignore line: [	compiled by GNU C version 12.2.0  GMP version 6.2.1  MPFR version 4.1.0  MPC version 1.2.1  isl version none]
  ignore line: [GGC heuristics: --param ggc-min-expand=100 --param ggc-min-heapsize=131072]
  ignore line: [Compiler executable checksum: faf2342161a4e41c50a6315b0589fe38]
  ignore line: [COLLECT_GCC_OPTIONS='--sysroot=/home/user/Xilinx/Vitis/2024.1/gnu/aarch64/lin/aarch64-none/bin/../aarch64-xilinx-elf' '-mbranch-protection=none' '-O2' '-D' 'SDT' '-MMD' '-MP' '-specs=/home/user/workspace/vitis/kr260_pfm/zynqmp_fsbl/zynqmp_fsbl_bsp/Xilinx.spec' '-Os' '-flto' '-ffat-lto-objects' '-D' 'ARMA53_64' '-I' '/home/user/workspace/vitis/kr260_pfm/zynqmp_fsbl/zynqmp_fsbl_bsp/include' '-v' '-o' 'CMakeFiles/cmTC_b64b4.dir/CMakeCCompilerABI.c.obj' '-c' '-march=armv8-a' '-mlittle-endian' '-mabi=lp64' '-dumpdir' 'CMakeFiles/cmTC_b64b4.dir/']
  ignore line: [ /home/user/Xilinx/Vitis/2024.1/gnu/aarch64/lin/aarch64-none/x86_64-oesdk-linux/usr/bin/aarch64-xilinx-elf/../../libexec/aarch64-xilinx-elf/gcc/aarch64-xilinx-elf/12.2.0/as -v -I /home/user/workspace/vitis/kr260_pfm/zynqmp_fsbl/zynqmp_fsbl_bsp/include -EL -march=armv8-a -mabi=lp64 -o CMakeFiles/cmTC_b64b4.dir/CMakeCCompilerABI.c.obj /tmp/cctypLwp.s]
  ignore line: [GNU assembler version 2.39.0 (aarch64-xilinx-elf) using BFD version (GNU Binutils) 2.39.0.20220819]
  ignore line: [COMPILER_PATH=/home/user/Xilinx/Vitis/2024.1/gnu/aarch64/lin/aarch64-none/x86_64-oesdk-linux/usr/bin/aarch64-xilinx-elf/../../libexec/aarch64-xilinx-elf/gcc/aarch64-xilinx-elf/12.2.0/:/home/user/Xilinx/Vitis/2024.1/gnu/aarch64/lin/aarch64-none/x86_64-oesdk-linux/usr/bin/aarch64-xilinx-elf/../../libexec/aarch64-xilinx-elf/gcc/]
  ignore line: [LIBRARY_PATH=/home/user/Xilinx/Vitis/2024.1/gnu/aarch64/lin/aarch64-none/x86_64-oesdk-linux/usr/bin/aarch64-xilinx-elf/../../lib/aarch64-xilinx-elf/gcc/aarch64-xilinx-elf/12.2.0/:/home/user/Xilinx/Vitis/2024.1/gnu/aarch64/lin/aarch64-none/x86_64-oesdk-linux/usr/bin/aarch64-xilinx-elf/../../lib/aarch64-xilinx-elf/gcc/:/home/user/Xilinx/Vitis/2024.1/gnu/aarch64/lin/aarch64-none/bin/../aarch64-xilinx-elf/usr/lib64/aarch64-xilinx-elf/12.2.0/:/home/user/Xilinx/Vitis/2024.1/gnu/aarch64/lin/aarch64-none/bin/../aarch64-xilinx-elf/usr/lib64/]
  ignore line: [COLLECT_GCC_OPTIONS='--sysroot=/home/user/Xilinx/Vitis/2024.1/gnu/aarch64/lin/aarch64-none/bin/../aarch64-xilinx-elf' '-mbranch-protection=none' '-O2' '-D' 'SDT' '-MMD' '-MP' '-specs=/home/user/workspace/vitis/kr260_pfm/zynqmp_fsbl/zynqmp_fsbl_bsp/Xilinx.spec' '-Os' '-flto' '-ffat-lto-objects' '-D' 'ARMA53_64' '-I' '/home/user/workspace/vitis/kr260_pfm/zynqmp_fsbl/zynqmp_fsbl_bsp/include' '-v' '-o' 'CMakeFiles/cmTC_b64b4.dir/CMakeCCompilerABI.c.obj' '-c' '-march=armv8-a' '-mlittle-endian' '-mabi=lp64' '-dumpdir' 'CMakeFiles/cmTC_b64b4.dir/CMakeCCompilerABI.c.']
  ignore line: [Linking C executable cmTC_b64b4]
  ignore line: [/home/user/Xilinx/Vitis/2024.1/tps/lnx64/cmake-3.24.2/bin/cmake -E cmake_link_script CMakeFiles/cmTC_b64b4.dir/link.txt --verbose=1]
  ignore line: [/home/user/Xilinx/Vitis/2024.1/gnu/aarch64/lin/aarch64-none/bin/aarch64-none-elf-gcc  -O2 -DSDT  -MMD -MP -specs=/home/user/workspace/vitis/kr260_pfm/zynqmp_fsbl/zynqmp_fsbl_bsp/Xilinx.spec -Os -flto -ffat-lto-objects -DARMA53_64 -I/home/user/workspace/vitis/kr260_pfm/zynqmp_fsbl/zynqmp_fsbl_bsp/include   -v CMakeFiles/cmTC_b64b4.dir/CMakeCCompilerABI.c.obj -o cmTC_b64b4 ]
  ignore line: [Using built-in specs.]
  ignore line: [Reading specs from /home/user/workspace/vitis/kr260_pfm/zynqmp_fsbl/zynqmp_fsbl_bsp/Xilinx.spec]
  ignore line: [COLLECT_GCC=/home/user/Xilinx/Vitis/2024.1/gnu/aarch64/lin/aarch64-none/bin/../x86_64-oesdk-linux/usr/bin/aarch64-xilinx-elf/aarch64-xilinx-elf-gcc.real]
  ignore line: [COLLECT_LTO_WRAPPER=/home/user/Xilinx/Vitis/2024.1/gnu/aarch64/lin/aarch64-none/x86_64-oesdk-linux/usr/bin/aarch64-xilinx-elf/../../libexec/aarch64-xilinx-elf/gcc/aarch64-xilinx-elf/12.2.0/lto-wrapper]
  ignore line: [Target: aarch64-xilinx-elf]
  ignore line: [Configured with: ../../../../../../work-shared/gcc-12.2.0-r0/gcc-12.2.0/configure --build=x86_64-linux --host=x86_64-oesdk-linux --target=aarch64-xilinx-elf --prefix=/usr/local/oe-sdk-hardcoded-buildpath/sysroots/x86_64-oesdk-linux/usr --exec_prefix=/usr/local/oe-sdk-hardcoded-buildpath/sysroots/x86_64-oesdk-linux/usr --bindir=/usr/local/oe-sdk-hardcoded-buildpath/sysroots/x86_64-oesdk-linux/usr/bin/aarch64-xilinx-elf --sbindir=/usr/local/oe-sdk-hardcoded-buildpath/sysroots/x86_64-oesdk-linux/usr/bin/aarch64-xilinx-elf --libexecdir=/usr/local/oe-sdk-hardcoded-buildpath/sysroots/x86_64-oesdk-linux/usr/libexec/aarch64-xilinx-elf --datadir=/usr/local/oe-sdk-hardcoded-buildpath/sysroots/x86_64-oesdk-linux/usr/share --sysconfdir=/usr/local/oe-sdk-hardcoded-buildpath/sysroots/x86_64-oesdk-linux/etc --sharedstatedir=/usr/local/oe-sdk-hardcoded-buildpath/sysroots/x86_64-oesdk-linux/com --localstatedir=/usr/local/oe-sdk-hardcoded-buildpath/sysroots/x86_64-oesdk-linux/var --libdir=/usr/local/oe-sdk-hardcoded-buildpath/sysroots/x86_64-oesdk-linux/usr/lib/aarch64-xilinx-elf --includedir=/usr/local/oe-sdk-hardcoded-buildpath/sysroots/x86_64-oesdk-linux/usr/include --oldincludedir=/usr/local/oe-sdk-hardcoded-buildpath/sysroots/x86_64-oesdk-linux/usr/include --infodir=/usr/local/oe-sdk-hardcoded-buildpath/sysroots/x86_64-oesdk-linux/usr/share/info --mandir=/usr/local/oe-sdk-hardcoded-buildpath/sysroots/x86_64-oesdk-linux/usr/share/man --disable-silent-rules --disable-dependency-tracking --with-libtool-sysroot=/scratch/jenkins-BUILDS-eSDK-toolchain-2023.1_toolchain-7_Standalone_aarch64-tc/build/aarch64-tc-x86_64/work/x86_64-nativesdk-oesdk-linux/gcc-cross-canadian-aarch64/12.2.0-r0/recipe-sysroot --with-gnu-ld --enable-shared --enable-languages=c,c++,fortran --enable-threads=posix --enable-multilib --enable-c99 --enable-long-long --enable-libstdcxx-pch --program-prefix=aarch64-xilinx-elf- --without-local-prefix --disable-install-libiberty --disable-libssp --enable-libitm --enable-lto --disable-bootstrap --with-system-zlib --enable-linker-build-id --with-ppl=no --with-cloog=no --enable-checking=release --enable-cheaders=c_global --without-isl --with-gxx-include-dir=/not/exist/usr/include/c++/12.2.0 --with-build-time-tools=/scratch/jenkins-BUILDS-eSDK-toolchain-2023.1_toolchain-7_Standalone_aarch64-tc/build/aarch64-tc-x86_64/work/x86_64-nativesdk-oesdk-linux/gcc-cross-canadian-aarch64/12.2.0-r0/recipe-sysroot-native/usr/aarch64-xilinx-elf/bin --with-sysroot=/not/exist --with-build-sysroot=/scratch/jenkins-BUILDS-eSDK-toolchain-2023.1_toolchain-7_Standalone_aarch64-tc/build/aarch64-tc-x86_64/work/x86_64-nativesdk-oesdk-linux/gcc-cross-canadian-aarch64/12.2.0-r0/recipe-sysroot --enable-standard-branch-protection --with-plugin-ld=ld --enable-poison-system-directories --enable-nls --with-glibc-version=2.28 --enable-initfini-array --disable-libstdcxx-pch --with-newlib --disable-threads --enable-plugins --with-gnu-as --disable-libitm --disable-multiarch --with-arch=armv8-a --enable-multilib --with-sysroot=/not/exist]
  ignore line: [Thread model: single]
  ignore line: [Supported LTO compression algorithms: zlib zstd]
  ignore line: [gcc version 12.2.0 (GCC) ]
  ignore line: [COMPILER_PATH=/home/user/Xilinx/Vitis/2024.1/gnu/aarch64/lin/aarch64-none/x86_64-oesdk-linux/usr/bin/aarch64-xilinx-elf/../../libexec/aarch64-xilinx-elf/gcc/aarch64-xilinx-elf/12.2.0/:/home/user/Xilinx/Vitis/2024.1/gnu/aarch64/lin/aarch64-none/x86_64-oesdk-linux/usr/bin/aarch64-xilinx-elf/../../libexec/aarch64-xilinx-elf/gcc/]
  ignore line: [LIBRARY_PATH=/home/user/Xilinx/Vitis/2024.1/gnu/aarch64/lin/aarch64-none/x86_64-oesdk-linux/usr/bin/aarch64-xilinx-elf/../../lib/aarch64-xilinx-elf/gcc/aarch64-xilinx-elf/12.2.0/:/home/user/Xilinx/Vitis/2024.1/gnu/aarch64/lin/aarch64-none/x86_64-oesdk-linux/usr/bin/aarch64-xilinx-elf/../../lib/aarch64-xilinx-elf/gcc/:/home/user/Xilinx/Vitis/2024.1/gnu/aarch64/lin/aarch64-none/bin/../aarch64-xilinx-elf/usr/lib64/aarch64-xilinx-elf/12.2.0/:/home/user/Xilinx/Vitis/2024.1/gnu/aarch64/lin/aarch64-none/bin/../aarch64-xilinx-elf/usr/lib64/]
  ignore line: [COLLECT_GCC_OPTIONS='--sysroot=/home/user/Xilinx/Vitis/2024.1/gnu/aarch64/lin/aarch64-none/bin/../aarch64-xilinx-elf' '-mbranch-protection=none' '-O2' '-D' 'SDT' '-MMD' '-MP' '-specs=/home/user/workspace/vitis/kr260_pfm/zynqmp_fsbl/zynqmp_fsbl_bsp/Xilinx.spec' '-Os' '-flto' '-ffat-lto-objects' '-D' 'ARMA53_64' '-I' '/home/user/workspace/vitis/kr260_pfm/zynqmp_fsbl/zynqmp_fsbl_bsp/include' '-v' '-o' 'cmTC_b64b4' '-march=armv8-a' '-mlittle-endian' '-mabi=lp64' '-dumpdir' 'cmTC_b64b4.']
  link line: [ /home/user/Xilinx/Vitis/2024.1/gnu/aarch64/lin/aarch64-none/x86_64-oesdk-linux/usr/bin/aarch64-xilinx-elf/../../libexec/aarch64-xilinx-elf/gcc/aarch64-xilinx-elf/12.2.0/collect2 -plugin /home/user/Xilinx/Vitis/2024.1/gnu/aarch64/lin/aarch64-none/x86_64-oesdk-linux/usr/bin/aarch64-xilinx-elf/../../libexec/aarch64-xilinx-elf/gcc/aarch64-xilinx-elf/12.2.0/liblto_plugin.so -plugin-opt=/home/user/Xilinx/Vitis/2024.1/gnu/aarch64/lin/aarch64-none/x86_64-oesdk-linux/usr/bin/aarch64-xilinx-elf/../../libexec/aarch64-xilinx-elf/gcc/aarch64-xilinx-elf/12.2.0/lto-wrapper -plugin-opt=-fresolution=/tmp/ccBtHVB4.res -plugin-opt=-pass-through=-lgcc -plugin-opt=-pass-through=-lc -plugin-opt=-pass-through=-lgcc -flto --sysroot=/home/user/Xilinx/Vitis/2024.1/gnu/aarch64/lin/aarch64-none/bin/../aarch64-xilinx-elf --build-id -EL -X -maarch64elf -o cmTC_b64b4 /home/user/Xilinx/Vitis/2024.1/gnu/aarch64/lin/aarch64-none/bin/../aarch64-xilinx-elf/usr/lib64/aarch64-xilinx-elf/12.2.0/crti.o /home/user/Xilinx/Vitis/2024.1/gnu/aarch64/lin/aarch64-none/bin/../aarch64-xilinx-elf/usr/lib64/aarch64-xilinx-elf/12.2.0/crtbegin.o -L/home/user/Xilinx/Vitis/2024.1/gnu/aarch64/lin/aarch64-none/x86_64-oesdk-linux/usr/bin/aarch64-xilinx-elf/../../lib/aarch64-xilinx-elf/gcc/aarch64-xilinx-elf/12.2.0 -L/home/user/Xilinx/Vitis/2024.1/gnu/aarch64/lin/aarch64-none/x86_64-oesdk-linux/usr/bin/aarch64-xilinx-elf/../../lib/aarch64-xilinx-elf/gcc -L/home/user/Xilinx/Vitis/2024.1/gnu/aarch64/lin/aarch64-none/bin/../aarch64-xilinx-elf/usr/lib64/aarch64-xilinx-elf/12.2.0 -L/home/user/Xilinx/Vitis/2024.1/gnu/aarch64/lin/aarch64-none/bin/../aarch64-xilinx-elf/usr/lib64 --no-warn-rwx-segment CMakeFiles/cmTC_b64b4.dir/CMakeCCompilerABI.c.obj -lgcc -lc -lgcc /home/user/Xilinx/Vitis/2024.1/gnu/aarch64/lin/aarch64-none/bin/../aarch64-xilinx-elf/usr/lib64/aarch64-xilinx-elf/12.2.0/crtend.o /home/user/Xilinx/Vitis/2024.1/gnu/aarch64/lin/aarch64-none/bin/../aarch64-xilinx-elf/usr/lib64/aarch64-xilinx-elf/12.2.0/crtn.o]
    arg [/home/user/Xilinx/Vitis/2024.1/gnu/aarch64/lin/aarch64-none/x86_64-oesdk-linux/usr/bin/aarch64-xilinx-elf/../../libexec/aarch64-xilinx-elf/gcc/aarch64-xilinx-elf/12.2.0/collect2] ==> ignore
    arg [-plugin] ==> ignore
    arg [/home/user/Xilinx/Vitis/2024.1/gnu/aarch64/lin/aarch64-none/x86_64-oesdk-linux/usr/bin/aarch64-xilinx-elf/../../libexec/aarch64-xilinx-elf/gcc/aarch64-xilinx-elf/12.2.0/liblto_plugin.so] ==> ignore
    arg [-plugin-opt=/home/user/Xilinx/Vitis/2024.1/gnu/aarch64/lin/aarch64-none/x86_64-oesdk-linux/usr/bin/aarch64-xilinx-elf/../../libexec/aarch64-xilinx-elf/gcc/aarch64-xilinx-elf/12.2.0/lto-wrapper] ==> ignore
    arg [-plugin-opt=-fresolution=/tmp/ccBtHVB4.res] ==> ignore
    arg [-plugin-opt=-pass-through=-lgcc] ==> ignore
    arg [-plugin-opt=-pass-through=-lc] ==> ignore
    arg [-plugin-opt=-pass-through=-lgcc] ==> ignore
    arg [-flto] ==> ignore
    arg [--sysroot=/home/user/Xilinx/Vitis/2024.1/gnu/aarch64/lin/aarch64-none/bin/../aarch64-xilinx-elf] ==> ignore
    arg [--build-id] ==> ignore
    arg [-EL] ==> ignore
    arg [-X] ==> ignore
    arg [-maarch64elf] ==> ignore
    arg [-o] ==> ignore
    arg [cmTC_b64b4] ==> ignore
    arg [/home/user/Xilinx/Vitis/2024.1/gnu/aarch64/lin/aarch64-none/bin/../aarch64-xilinx-elf/usr/lib64/aarch64-xilinx-elf/12.2.0/crti.o] ==> obj [/home/user/Xilinx/Vitis/2024.1/gnu/aarch64/lin/aarch64-none/bin/../aarch64-xilinx-elf/usr/lib64/aarch64-xilinx-elf/12.2.0/crti.o]
    arg [/home/user/Xilinx/Vitis/2024.1/gnu/aarch64/lin/aarch64-none/bin/../aarch64-xilinx-elf/usr/lib64/aarch64-xilinx-elf/12.2.0/crtbegin.o] ==> obj [/home/user/Xilinx/Vitis/2024.1/gnu/aarch64/lin/aarch64-none/bin/../aarch64-xilinx-elf/usr/lib64/aarch64-xilinx-elf/12.2.0/crtbegin.o]
    arg [-L/home/user/Xilinx/Vitis/2024.1/gnu/aarch64/lin/aarch64-none/x86_64-oesdk-linux/usr/bin/aarch64-xilinx-elf/../../lib/aarch64-xilinx-elf/gcc/aarch64-xilinx-elf/12.2.0] ==> dir [/home/user/Xilinx/Vitis/2024.1/gnu/aarch64/lin/aarch64-none/x86_64-oesdk-linux/usr/bin/aarch64-xilinx-elf/../../lib/aarch64-xilinx-elf/gcc/aarch64-xilinx-elf/12.2.0]
    arg [-L/home/user/Xilinx/Vitis/2024.1/gnu/aarch64/lin/aarch64-none/x86_64-oesdk-linux/usr/bin/aarch64-xilinx-elf/../../lib/aarch64-xilinx-elf/gcc] ==> dir [/home/user/Xilinx/Vitis/2024.1/gnu/aarch64/lin/aarch64-none/x86_64-oesdk-linux/usr/bin/aarch64-xilinx-elf/../../lib/aarch64-xilinx-elf/gcc]
    arg [-L/home/user/Xilinx/Vitis/2024.1/gnu/aarch64/lin/aarch64-none/bin/../aarch64-xilinx-elf/usr/lib64/aarch64-xilinx-elf/12.2.0] ==> dir [/home/user/Xilinx/Vitis/2024.1/gnu/aarch64/lin/aarch64-none/bin/../aarch64-xilinx-elf/usr/lib64/aarch64-xilinx-elf/12.2.0]
    arg [-L/home/user/Xilinx/Vitis/2024.1/gnu/aarch64/lin/aarch64-none/bin/../aarch64-xilinx-elf/usr/lib64] ==> dir [/home/user/Xilinx/Vitis/2024.1/gnu/aarch64/lin/aarch64-none/bin/../aarch64-xilinx-elf/usr/lib64]
    arg [--no-warn-rwx-segment] ==> ignore
    arg [CMakeFiles/cmTC_b64b4.dir/CMakeCCompilerABI.c.obj] ==> ignore
    arg [-lgcc] ==> lib [gcc]
    arg [-lc] ==> lib [c]
    arg [-lgcc] ==> lib [gcc]
    arg [/home/user/Xilinx/Vitis/2024.1/gnu/aarch64/lin/aarch64-none/bin/../aarch64-xilinx-elf/usr/lib64/aarch64-xilinx-elf/12.2.0/crtend.o] ==> obj [/home/user/Xilinx/Vitis/2024.1/gnu/aarch64/lin/aarch64-none/bin/../aarch64-xilinx-elf/usr/lib64/aarch64-xilinx-elf/12.2.0/crtend.o]
    arg [/home/user/Xilinx/Vitis/2024.1/gnu/aarch64/lin/aarch64-none/bin/../aarch64-xilinx-elf/usr/lib64/aarch64-xilinx-elf/12.2.0/crtn.o] ==> obj [/home/user/Xilinx/Vitis/2024.1/gnu/aarch64/lin/aarch64-none/bin/../aarch64-xilinx-elf/usr/lib64/aarch64-xilinx-elf/12.2.0/crtn.o]
  collapse obj [/home/user/Xilinx/Vitis/2024.1/gnu/aarch64/lin/aarch64-none/bin/../aarch64-xilinx-elf/usr/lib64/aarch64-xilinx-elf/12.2.0/crti.o] ==> [/home/user/Xilinx/Vitis/2024.1/gnu/aarch64/lin/aarch64-none/aarch64-xilinx-elf/usr/lib64/aarch64-xilinx-elf/12.2.0/crti.o]
  collapse obj [/home/user/Xilinx/Vitis/2024.1/gnu/aarch64/lin/aarch64-none/bin/../aarch64-xilinx-elf/usr/lib64/aarch64-xilinx-elf/12.2.0/crtbegin.o] ==> [/home/user/Xilinx/Vitis/2024.1/gnu/aarch64/lin/aarch64-none/aarch64-xilinx-elf/usr/lib64/aarch64-xilinx-elf/12.2.0/crtbegin.o]
  collapse obj [/home/user/Xilinx/Vitis/2024.1/gnu/aarch64/lin/aarch64-none/bin/../aarch64-xilinx-elf/usr/lib64/aarch64-xilinx-elf/12.2.0/crtend.o] ==> [/home/user/Xilinx/Vitis/2024.1/gnu/aarch64/lin/aarch64-none/aarch64-xilinx-elf/usr/lib64/aarch64-xilinx-elf/12.2.0/crtend.o]
  collapse obj [/home/user/Xilinx/Vitis/2024.1/gnu/aarch64/lin/aarch64-none/bin/../aarch64-xilinx-elf/usr/lib64/aarch64-xilinx-elf/12.2.0/crtn.o] ==> [/home/user/Xilinx/Vitis/2024.1/gnu/aarch64/lin/aarch64-none/aarch64-xilinx-elf/usr/lib64/aarch64-xilinx-elf/12.2.0/crtn.o]
  collapse library dir [/home/user/Xilinx/Vitis/2024.1/gnu/aarch64/lin/aarch64-none/x86_64-oesdk-linux/usr/bin/aarch64-xilinx-elf/../../lib/aarch64-xilinx-elf/gcc/aarch64-xilinx-elf/12.2.0] ==> [/home/user/Xilinx/Vitis/2024.1/gnu/aarch64/lin/aarch64-none/x86_64-oesdk-linux/usr/lib/aarch64-xilinx-elf/gcc/aarch64-xilinx-elf/12.2.0]
  collapse library dir [/home/user/Xilinx/Vitis/2024.1/gnu/aarch64/lin/aarch64-none/x86_64-oesdk-linux/usr/bin/aarch64-xilinx-elf/../../lib/aarch64-xilinx-elf/gcc] ==> [/home/user/Xilinx/Vitis/2024.1/gnu/aarch64/lin/aarch64-none/x86_64-oesdk-linux/usr/lib/aarch64-xilinx-elf/gcc]
  collapse library dir [/home/user/Xilinx/Vitis/2024.1/gnu/aarch64/lin/aarch64-none/bin/../aarch64-xilinx-elf/usr/lib64/aarch64-xilinx-elf/12.2.0] ==> [/home/user/Xilinx/Vitis/2024.1/gnu/aarch64/lin/aarch64-none/aarch64-xilinx-elf/usr/lib64/aarch64-xilinx-elf/12.2.0]
  collapse library dir [/home/user/Xilinx/Vitis/2024.1/gnu/aarch64/lin/aarch64-none/bin/../aarch64-xilinx-elf/usr/lib64] ==> [/home/user/Xilinx/Vitis/2024.1/gnu/aarch64/lin/aarch64-none/aarch64-xilinx-elf/usr/lib64]
  implicit libs: [gcc;c;gcc]
  implicit objs: [/home/user/Xilinx/Vitis/2024.1/gnu/aarch64/lin/aarch64-none/aarch64-xilinx-elf/usr/lib64/aarch64-xilinx-elf/12.2.0/crti.o;/home/user/Xilinx/Vitis/2024.1/gnu/aarch64/lin/aarch64-none/aarch64-xilinx-elf/usr/lib64/aarch64-xilinx-elf/12.2.0/crtbegin.o;/home/user/Xilinx/Vitis/2024.1/gnu/aarch64/lin/aarch64-none/aarch64-xilinx-elf/usr/lib64/aarch64-xilinx-elf/12.2.0/crtend.o;/home/user/Xilinx/Vitis/2024.1/gnu/aarch64/lin/aarch64-none/aarch64-xilinx-elf/usr/lib64/aarch64-xilinx-elf/12.2.0/crtn.o]
  implicit dirs: [/home/user/Xilinx/Vitis/2024.1/gnu/aarch64/lin/aarch64-none/x86_64-oesdk-linux/usr/lib/aarch64-xilinx-elf/gcc/aarch64-xilinx-elf/12.2.0;/home/user/Xilinx/Vitis/2024.1/gnu/aarch64/lin/aarch64-none/x86_64-oesdk-linux/usr/lib/aarch64-xilinx-elf/gcc;/home/user/Xilinx/Vitis/2024.1/gnu/aarch64/lin/aarch64-none/aarch64-xilinx-elf/usr/lib64/aarch64-xilinx-elf/12.2.0;/home/user/Xilinx/Vitis/2024.1/gnu/aarch64/lin/aarch64-none/aarch64-xilinx-elf/usr/lib64]
  implicit fwks: []


Detecting CXX compiler ABI info compiled with the following output:
Change Dir: /home/user/workspace/vitis/kr260_pfm/zynqmp_fsbl/zynqmp_fsbl_bsp/libsrc/build_configs/gen_bsp/CMakeFiles/CMakeTmp

Run Build Command(s):/bin/gmake -f Makefile cmTC_e6581/fast && /bin/gmake  -f CMakeFiles/cmTC_e6581.dir/build.make CMakeFiles/cmTC_e6581.dir/build
gmake[1]: Entering directory '/home/user/workspace/vitis/kr260_pfm/zynqmp_fsbl/zynqmp_fsbl_bsp/libsrc/build_configs/gen_bsp/CMakeFiles/CMakeTmp'
Building CXX object CMakeFiles/cmTC_e6581.dir/CMakeCXXCompilerABI.cpp.obj
/home/user/Xilinx/Vitis/2024.1/gnu/aarch64/lin/aarch64-none/bin/aarch64-none-elf-g++   -O2 -DSDT  -MMD -MP -specs=/home/user/workspace/vitis/kr260_pfm/zynqmp_fsbl/zynqmp_fsbl_bsp/Xilinx.spec -Os -flto -ffat-lto-objects -DARMA53_64 -I/home/user/workspace/vitis/kr260_pfm/zynqmp_fsbl/zynqmp_fsbl_bsp/include    -v -o CMakeFiles/cmTC_e6581.dir/CMakeCXXCompilerABI.cpp.obj -c /home/user/Xilinx/Vitis/2024.1/tps/lnx64/cmake-3.24.2/share/cmake-3.24/Modules/CMakeCXXCompilerABI.cpp
Using built-in specs.
Reading specs from /home/user/workspace/vitis/kr260_pfm/zynqmp_fsbl/zynqmp_fsbl_bsp/Xilinx.spec
COLLECT_GCC=/home/user/Xilinx/Vitis/2024.1/gnu/aarch64/lin/aarch64-none/bin/../x86_64-oesdk-linux/usr/bin/aarch64-xilinx-elf/aarch64-xilinx-elf-g++.real
Target: aarch64-xilinx-elf
Configured with: ../../../../../../work-shared/gcc-12.2.0-r0/gcc-12.2.0/configure --build=x86_64-linux --host=x86_64-oesdk-linux --target=aarch64-xilinx-elf --prefix=/usr/local/oe-sdk-hardcoded-buildpath/sysroots/x86_64-oesdk-linux/usr --exec_prefix=/usr/local/oe-sdk-hardcoded-buildpath/sysroots/x86_64-oesdk-linux/usr --bindir=/usr/local/oe-sdk-hardcoded-buildpath/sysroots/x86_64-oesdk-linux/usr/bin/aarch64-xilinx-elf --sbindir=/usr/local/oe-sdk-hardcoded-buildpath/sysroots/x86_64-oesdk-linux/usr/bin/aarch64-xilinx-elf --libexecdir=/usr/local/oe-sdk-hardcoded-buildpath/sysroots/x86_64-oesdk-linux/usr/libexec/aarch64-xilinx-elf --datadir=/usr/local/oe-sdk-hardcoded-buildpath/sysroots/x86_64-oesdk-linux/usr/share --sysconfdir=/usr/local/oe-sdk-hardcoded-buildpath/sysroots/x86_64-oesdk-linux/etc --sharedstatedir=/usr/local/oe-sdk-hardcoded-buildpath/sysroots/x86_64-oesdk-linux/com --localstatedir=/usr/local/oe-sdk-hardcoded-buildpath/sysroots/x86_64-oesdk-linux/var --libdir=/usr/local/oe-sdk-hardcoded-buildpath/sysroots/x86_64-oesdk-linux/usr/lib/aarch64-xilinx-elf --includedir=/usr/local/oe-sdk-hardcoded-buildpath/sysroots/x86_64-oesdk-linux/usr/include --oldincludedir=/usr/local/oe-sdk-hardcoded-buildpath/sysroots/x86_64-oesdk-linux/usr/include --infodir=/usr/local/oe-sdk-hardcoded-buildpath/sysroots/x86_64-oesdk-linux/usr/share/info --mandir=/usr/local/oe-sdk-hardcoded-buildpath/sysroots/x86_64-oesdk-linux/usr/share/man --disable-silent-rules --disable-dependency-tracking --with-libtool-sysroot=/scratch/jenkins-BUILDS-eSDK-toolchain-2023.1_toolchain-7_Standalone_aarch64-tc/build/aarch64-tc-x86_64/work/x86_64-nativesdk-oesdk-linux/gcc-cross-canadian-aarch64/12.2.0-r0/recipe-sysroot --with-gnu-ld --enable-shared --enable-languages=c,c++,fortran --enable-threads=posix --enable-multilib --enable-c99 --enable-long-long --enable-libstdcxx-pch --program-prefix=aarch64-xilinx-elf- --without-local-prefix --disable-install-libiberty --disable-libssp --enable-libitm --enable-lto --disable-bootstrap --with-system-zlib --enable-linker-build-id --with-ppl=no --with-cloog=no --enable-checking=release --enable-cheaders=c_global --without-isl --with-gxx-include-dir=/not/exist/usr/include/c++/12.2.0 --with-build-time-tools=/scratch/jenkins-BUILDS-eSDK-toolchain-2023.1_toolchain-7_Standalone_aarch64-tc/build/aarch64-tc-x86_64/work/x86_64-nativesdk-oesdk-linux/gcc-cross-canadian-aarch64/12.2.0-r0/recipe-sysroot-native/usr/aarch64-xilinx-elf/bin --with-sysroot=/not/exist --with-build-sysroot=/scratch/jenkins-BUILDS-eSDK-toolchain-2023.1_toolchain-7_Standalone_aarch64-tc/build/aarch64-tc-x86_64/work/x86_64-nativesdk-oesdk-linux/gcc-cross-canadian-aarch64/12.2.0-r0/recipe-sysroot --enable-standard-branch-protection --with-plugin-ld=ld --enable-poison-system-directories --enable-nls --with-glibc-version=2.28 --enable-initfini-array --disable-libstdcxx-pch --with-newlib --disable-threads --enable-plugins --with-gnu-as --disable-libitm --disable-multiarch --with-arch=armv8-a --enable-multilib --with-sysroot=/not/exist
Thread model: single
Supported LTO compression algorithms: zlib zstd
gcc version 12.2.0 (GCC) 
COLLECT_GCC_OPTIONS='--sysroot=/home/user/Xilinx/Vitis/2024.1/gnu/aarch64/lin/aarch64-none/bin/../aarch64-xilinx-elf' '-mbranch-protection=none' '-O2' '-D' 'SDT' '-MMD' '-MP' '-specs=/home/user/workspace/vitis/kr260_pfm/zynqmp_fsbl/zynqmp_fsbl_bsp/Xilinx.spec' '-Os' '-flto' '-ffat-lto-objects' '-D' 'ARMA53_64' '-I' '/home/user/workspace/vitis/kr260_pfm/zynqmp_fsbl/zynqmp_fsbl_bsp/include' '-v' '-o' 'CMakeFiles/cmTC_e6581.dir/CMakeCXXCompilerABI.cpp.obj' '-c' '-march=armv8-a' '-mlittle-endian' '-mabi=lp64' '-dumpdir' 'CMakeFiles/cmTC_e6581.dir/'
 /home/user/Xilinx/Vitis/2024.1/gnu/aarch64/lin/aarch64-none/x86_64-oesdk-linux/usr/bin/aarch64-xilinx-elf/../../libexec/aarch64-xilinx-elf/gcc/aarch64-xilinx-elf/12.2.0/cc1plus -quiet -v -I /home/user/workspace/vitis/kr260_pfm/zynqmp_fsbl/zynqmp_fsbl_bsp/include -iprefix /home/user/Xilinx/Vitis/2024.1/gnu/aarch64/lin/aarch64-none/x86_64-oesdk-linux/usr/bin/aarch64-xilinx-elf/../../lib/aarch64-xilinx-elf/gcc/aarch64-xilinx-elf/12.2.0/ -isysroot /home/user/Xilinx/Vitis/2024.1/gnu/aarch64/lin/aarch64-none/bin/../aarch64-xilinx-elf -MMD CMakeFiles/cmTC_e6581.dir/CMakeCXXCompilerABI.cpp.d -MP -MQ CMakeFiles/cmTC_e6581.dir/CMakeCXXCompilerABI.cpp.obj -D SDT -D ARMA53_64 /home/user/Xilinx/Vitis/2024.1/tps/lnx64/cmake-3.24.2/share/cmake-3.24/Modules/CMakeCXXCompilerABI.cpp -quiet -dumpdir CMakeFiles/cmTC_e6581.dir/ -dumpbase CMakeCXXCompilerABI.cpp.cpp -dumpbase-ext .cpp -mbranch-protection=none -march=armv8-a -mlittle-endian -mabi=lp64 -O2 -Os -version -flto -ffat-lto-objects -o /tmp/cci6mbzY.s
GNU C++17 (GCC) version 12.2.0 (aarch64-xilinx-elf)
	compiled by GNU C version 12.2.0, GMP version 6.2.1, MPFR version 4.1.0, MPC version 1.2.1, isl version none
GGC heuristics: --param ggc-min-expand=100 --param ggc-min-heapsize=131072
ignoring nonexistent directory "/home/user/Xilinx/Vitis/2024.1/gnu/aarch64/lin/aarch64-none/x86_64-oesdk-linux/usr/bin/aarch64-xilinx-elf/../../lib/aarch64-xilinx-elf/gcc/aarch64-xilinx-elf/12.2.0/../../../../../aarch64-xilinx-elf/include"
ignoring duplicate directory "/home/user/Xilinx/Vitis/2024.1/gnu/aarch64/lin/aarch64-none/x86_64-oesdk-linux/usr/bin/aarch64-xilinx-elf/../../lib/aarch64-xilinx-elf/gcc/../../../lib/aarch64-xilinx-elf/gcc/aarch64-xilinx-elf/12.2.0/include"
ignoring nonexistent directory "/home/user/Xilinx/Vitis/2024.1/gnu/aarch64/lin/aarch64-none/bin/../aarch64-xilinx-elf/usr/lib64/aarch64-xilinx-elf/12.2.0/include"
ignoring nonexistent directory "/home/user/Xilinx/Vitis/2024.1/gnu/aarch64/lin/aarch64-none/bin/../aarch64-xilinx-elf/usr/local/include"
ignoring duplicate directory "/home/user/Xilinx/Vitis/2024.1/gnu/aarch64/lin/aarch64-none/x86_64-oesdk-linux/usr/bin/aarch64-xilinx-elf/../../lib/aarch64-xilinx-elf/gcc/../../../lib/aarch64-xilinx-elf/gcc/aarch64-xilinx-elf/12.2.0/include-fixed"
ignoring nonexistent directory "/home/user/Xilinx/Vitis/2024.1/gnu/aarch64/lin/aarch64-none/x86_64-oesdk-linux/usr/bin/aarch64-xilinx-elf/../../lib/aarch64-xilinx-elf/gcc/../../../lib/aarch64-xilinx-elf/gcc/aarch64-xilinx-elf/12.2.0/../../../../../aarch64-xilinx-elf/include"
#include "..." search starts here:
#include <...> search starts here:
 /home/user/workspace/vitis/kr260_pfm/zynqmp_fsbl/zynqmp_fsbl_bsp/include
 /home/user/Xilinx/Vitis/2024.1/gnu/aarch64/lin/aarch64-none/x86_64-oesdk-linux/usr/bin/aarch64-xilinx-elf/../../lib/aarch64-xilinx-elf/gcc/aarch64-xilinx-elf/12.2.0/include
 /home/user/Xilinx/Vitis/2024.1/gnu/aarch64/lin/aarch64-none/x86_64-oesdk-linux/usr/bin/aarch64-xilinx-elf/../../lib/aarch64-xilinx-elf/gcc/aarch64-xilinx-elf/12.2.0/include-fixed
 /home/user/Xilinx/Vitis/2024.1/gnu/aarch64/lin/aarch64-none/bin/../aarch64-xilinx-elf/usr/include/c++/12.2.0
 /home/user/Xilinx/Vitis/2024.1/gnu/aarch64/lin/aarch64-none/bin/../aarch64-xilinx-elf/usr/include/c++/12.2.0/aarch64-xilinx-elf
 /home/user/Xilinx/Vitis/2024.1/gnu/aarch64/lin/aarch64-none/bin/../aarch64-xilinx-elf/usr/include/c++/12.2.0/backward
 /home/user/Xilinx/Vitis/2024.1/gnu/aarch64/lin/aarch64-none/bin/../aarch64-xilinx-elf/usr/include/
End of search list.
GNU C++17 (GCC) version 12.2.0 (aarch64-xilinx-elf)
	compiled by GNU C version 12.2.0, GMP version 6.2.1, MPFR version 4.1.0, MPC version 1.2.1, isl version none
GGC heuristics: --param ggc-min-expand=100 --param ggc-min-heapsize=131072
Compiler executable checksum: 027341a5c8ca54b309f0b1bae69bee25
COLLECT_GCC_OPTIONS='--sysroot=/home/user/Xilinx/Vitis/2024.1/gnu/aarch64/lin/aarch64-none/bin/../aarch64-xilinx-elf' '-mbranch-protection=none' '-O2' '-D' 'SDT' '-MMD' '-MP' '-specs=/home/user/workspace/vitis/kr260_pfm/zynqmp_fsbl/zynqmp_fsbl_bsp/Xilinx.spec' '-Os' '-flto' '-ffat-lto-objects' '-D' 'ARMA53_64' '-I' '/home/user/workspace/vitis/kr260_pfm/zynqmp_fsbl/zynqmp_fsbl_bsp/include' '-v' '-o' 'CMakeFiles/cmTC_e6581.dir/CMakeCXXCompilerABI.cpp.obj' '-c' '-march=armv8-a' '-mlittle-endian' '-mabi=lp64' '-dumpdir' 'CMakeFiles/cmTC_e6581.dir/'
 /home/user/Xilinx/Vitis/2024.1/gnu/aarch64/lin/aarch64-none/x86_64-oesdk-linux/usr/bin/aarch64-xilinx-elf/../../libexec/aarch64-xilinx-elf/gcc/aarch64-xilinx-elf/12.2.0/as -v -I /home/user/workspace/vitis/kr260_pfm/zynqmp_fsbl/zynqmp_fsbl_bsp/include -EL -march=armv8-a -mabi=lp64 -o CMakeFiles/cmTC_e6581.dir/CMakeCXXCompilerABI.cpp.obj /tmp/cci6mbzY.s
GNU assembler version 2.39.0 (aarch64-xilinx-elf) using BFD version (GNU Binutils) 2.39.0.20220819
COMPILER_PATH=/home/user/Xilinx/Vitis/2024.1/gnu/aarch64/lin/aarch64-none/x86_64-oesdk-linux/usr/bin/aarch64-xilinx-elf/../../libexec/aarch64-xilinx-elf/gcc/aarch64-xilinx-elf/12.2.0/:/home/user/Xilinx/Vitis/2024.1/gnu/aarch64/lin/aarch64-none/x86_64-oesdk-linux/usr/bin/aarch64-xilinx-elf/../../libexec/aarch64-xilinx-elf/gcc/
LIBRARY_PATH=/home/user/Xilinx/Vitis/2024.1/gnu/aarch64/lin/aarch64-none/x86_64-oesdk-linux/usr/bin/aarch64-xilinx-elf/../../lib/aarch64-xilinx-elf/gcc/aarch64-xilinx-elf/12.2.0/:/home/user/Xilinx/Vitis/2024.1/gnu/aarch64/lin/aarch64-none/x86_64-oesdk-linux/usr/bin/aarch64-xilinx-elf/../../lib/aarch64-xilinx-elf/gcc/:/home/user/Xilinx/Vitis/2024.1/gnu/aarch64/lin/aarch64-none/bin/../aarch64-xilinx-elf/usr/lib64/aarch64-xilinx-elf/12.2.0/:/home/user/Xilinx/Vitis/2024.1/gnu/aarch64/lin/aarch64-none/bin/../aarch64-xilinx-elf/usr/lib64/
COLLECT_GCC_OPTIONS='--sysroot=/home/user/Xilinx/Vitis/2024.1/gnu/aarch64/lin/aarch64-none/bin/../aarch64-xilinx-elf' '-mbranch-protection=none' '-O2' '-D' 'SDT' '-MMD' '-MP' '-specs=/home/user/workspace/vitis/kr260_pfm/zynqmp_fsbl/zynqmp_fsbl_bsp/Xilinx.spec' '-Os' '-flto' '-ffat-lto-objects' '-D' 'ARMA53_64' '-I' '/home/user/workspace/vitis/kr260_pfm/zynqmp_fsbl/zynqmp_fsbl_bsp/include' '-v' '-o' 'CMakeFiles/cmTC_e6581.dir/CMakeCXXCompilerABI.cpp.obj' '-c' '-march=armv8-a' '-mlittle-endian' '-mabi=lp64' '-dumpdir' 'CMakeFiles/cmTC_e6581.dir/CMakeCXXCompilerABI.cpp.'
Linking CXX executable cmTC_e6581
/home/user/Xilinx/Vitis/2024.1/tps/lnx64/cmake-3.24.2/bin/cmake -E cmake_link_script CMakeFiles/cmTC_e6581.dir/link.txt --verbose=1
/home/user/Xilinx/Vitis/2024.1/gnu/aarch64/lin/aarch64-none/bin/aarch64-none-elf-g++  -O2 -DSDT  -MMD -MP -specs=/home/user/workspace/vitis/kr260_pfm/zynqmp_fsbl/zynqmp_fsbl_bsp/Xilinx.spec -Os -flto -ffat-lto-objects -DARMA53_64 -I/home/user/workspace/vitis/kr260_pfm/zynqmp_fsbl/zynqmp_fsbl_bsp/include   -v CMakeFiles/cmTC_e6581.dir/CMakeCXXCompilerABI.cpp.obj -o cmTC_e6581 
Using built-in specs.
Reading specs from /home/user/workspace/vitis/kr260_pfm/zynqmp_fsbl/zynqmp_fsbl_bsp/Xilinx.spec
COLLECT_GCC=/home/user/Xilinx/Vitis/2024.1/gnu/aarch64/lin/aarch64-none/bin/../x86_64-oesdk-linux/usr/bin/aarch64-xilinx-elf/aarch64-xilinx-elf-g++.real
COLLECT_LTO_WRAPPER=/home/user/Xilinx/Vitis/2024.1/gnu/aarch64/lin/aarch64-none/x86_64-oesdk-linux/usr/bin/aarch64-xilinx-elf/../../libexec/aarch64-xilinx-elf/gcc/aarch64-xilinx-elf/12.2.0/lto-wrapper
Target: aarch64-xilinx-elf
Configured with: ../../../../../../work-shared/gcc-12.2.0-r0/gcc-12.2.0/configure --build=x86_64-linux --host=x86_64-oesdk-linux --target=aarch64-xilinx-elf --prefix=/usr/local/oe-sdk-hardcoded-buildpath/sysroots/x86_64-oesdk-linux/usr --exec_prefix=/usr/local/oe-sdk-hardcoded-buildpath/sysroots/x86_64-oesdk-linux/usr --bindir=/usr/local/oe-sdk-hardcoded-buildpath/sysroots/x86_64-oesdk-linux/usr/bin/aarch64-xilinx-elf --sbindir=/usr/local/oe-sdk-hardcoded-buildpath/sysroots/x86_64-oesdk-linux/usr/bin/aarch64-xilinx-elf --libexecdir=/usr/local/oe-sdk-hardcoded-buildpath/sysroots/x86_64-oesdk-linux/usr/libexec/aarch64-xilinx-elf --datadir=/usr/local/oe-sdk-hardcoded-buildpath/sysroots/x86_64-oesdk-linux/usr/share --sysconfdir=/usr/local/oe-sdk-hardcoded-buildpath/sysroots/x86_64-oesdk-linux/etc --sharedstatedir=/usr/local/oe-sdk-hardcoded-buildpath/sysroots/x86_64-oesdk-linux/com --localstatedir=/usr/local/oe-sdk-hardcoded-buildpath/sysroots/x86_64-oesdk-linux/var --libdir=/usr/local/oe-sdk-hardcoded-buildpath/sysroots/x86_64-oesdk-linux/usr/lib/aarch64-xilinx-elf --includedir=/usr/local/oe-sdk-hardcoded-buildpath/sysroots/x86_64-oesdk-linux/usr/include --oldincludedir=/usr/local/oe-sdk-hardcoded-buildpath/sysroots/x86_64-oesdk-linux/usr/include --infodir=/usr/local/oe-sdk-hardcoded-buildpath/sysroots/x86_64-oesdk-linux/usr/share/info --mandir=/usr/local/oe-sdk-hardcoded-buildpath/sysroots/x86_64-oesdk-linux/usr/share/man --disable-silent-rules --disable-dependency-tracking --with-libtool-sysroot=/scratch/jenkins-BUILDS-eSDK-toolchain-2023.1_toolchain-7_Standalone_aarch64-tc/build/aarch64-tc-x86_64/work/x86_64-nativesdk-oesdk-linux/gcc-cross-canadian-aarch64/12.2.0-r0/recipe-sysroot --with-gnu-ld --enable-shared --enable-languages=c,c++,fortran --enable-threads=posix --enable-multilib --enable-c99 --enable-long-long --enable-libstdcxx-pch --program-prefix=aarch64-xilinx-elf- --without-local-prefix --disable-install-libiberty --disable-libssp --enable-libitm --enable-lto --disable-bootstrap --with-system-zlib --enable-linker-build-id --with-ppl=no --with-cloog=no --enable-checking=release --enable-cheaders=c_global --without-isl --with-gxx-include-dir=/not/exist/usr/include/c++/12.2.0 --with-build-time-tools=/scratch/jenkins-BUILDS-eSDK-toolchain-2023.1_toolchain-7_Standalone_aarch64-tc/build/aarch64-tc-x86_64/work/x86_64-nativesdk-oesdk-linux/gcc-cross-canadian-aarch64/12.2.0-r0/recipe-sysroot-native/usr/aarch64-xilinx-elf/bin --with-sysroot=/not/exist --with-build-sysroot=/scratch/jenkins-BUILDS-eSDK-toolchain-2023.1_toolchain-7_Standalone_aarch64-tc/build/aarch64-tc-x86_64/work/x86_64-nativesdk-oesdk-linux/gcc-cross-canadian-aarch64/12.2.0-r0/recipe-sysroot --enable-standard-branch-protection --with-plugin-ld=ld --enable-poison-system-directories --enable-nls --with-glibc-version=2.28 --enable-initfini-array --disable-libstdcxx-pch --with-newlib --disable-threads --enable-plugins --with-gnu-as --disable-libitm --disable-multiarch --with-arch=armv8-a --enable-multilib --with-sysroot=/not/exist
Thread model: single
Supported LTO compression algorithms: zlib zstd
gcc version 12.2.0 (GCC) 
COMPILER_PATH=/home/user/Xilinx/Vitis/2024.1/gnu/aarch64/lin/aarch64-none/x86_64-oesdk-linux/usr/bin/aarch64-xilinx-elf/../../libexec/aarch64-xilinx-elf/gcc/aarch64-xilinx-elf/12.2.0/:/home/user/Xilinx/Vitis/2024.1/gnu/aarch64/lin/aarch64-none/x86_64-oesdk-linux/usr/bin/aarch64-xilinx-elf/../../libexec/aarch64-xilinx-elf/gcc/
LIBRARY_PATH=/home/user/Xilinx/Vitis/2024.1/gnu/aarch64/lin/aarch64-none/x86_64-oesdk-linux/usr/bin/aarch64-xilinx-elf/../../lib/aarch64-xilinx-elf/gcc/aarch64-xilinx-elf/12.2.0/:/home/user/Xilinx/Vitis/2024.1/gnu/aarch64/lin/aarch64-none/x86_64-oesdk-linux/usr/bin/aarch64-xilinx-elf/../../lib/aarch64-xilinx-elf/gcc/:/home/user/Xilinx/Vitis/2024.1/gnu/aarch64/lin/aarch64-none/bin/../aarch64-xilinx-elf/usr/lib64/aarch64-xilinx-elf/12.2.0/:/home/user/Xilinx/Vitis/2024.1/gnu/aarch64/lin/aarch64-none/bin/../aarch64-xilinx-elf/usr/lib64/
COLLECT_GCC_OPTIONS='--sysroot=/home/user/Xilinx/Vitis/2024.1/gnu/aarch64/lin/aarch64-none/bin/../aarch64-xilinx-elf' '-mbranch-protection=none' '-O2' '-D' 'SDT' '-MMD' '-MP' '-specs=/home/user/workspace/vitis/kr260_pfm/zynqmp_fsbl/zynqmp_fsbl_bsp/Xilinx.spec' '-Os' '-flto' '-ffat-lto-objects' '-D' 'ARMA53_64' '-I' '/home/user/workspace/vitis/kr260_pfm/zynqmp_fsbl/zynqmp_fsbl_bsp/include' '-v' '-o' 'cmTC_e6581' '-march=armv8-a' '-mlittle-endian' '-mabi=lp64' '-dumpdir' 'cmTC_e6581.'
 /home/user/Xilinx/Vitis/2024.1/gnu/aarch64/lin/aarch64-none/x86_64-oesdk-linux/usr/bin/aarch64-xilinx-elf/../../libexec/aarch64-xilinx-elf/gcc/aarch64-xilinx-elf/12.2.0/collect2 -plugin /home/user/Xilinx/Vitis/2024.1/gnu/aarch64/lin/aarch64-none/x86_64-oesdk-linux/usr/bin/aarch64-xilinx-elf/../../libexec/aarch64-xilinx-elf/gcc/aarch64-xilinx-elf/12.2.0/liblto_plugin.so -plugin-opt=/home/user/Xilinx/Vitis/2024.1/gnu/aarch64/lin/aarch64-none/x86_64-oesdk-linux/usr/bin/aarch64-xilinx-elf/../../libexec/aarch64-xilinx-elf/gcc/aarch64-xilinx-elf/12.2.0/lto-wrapper -plugin-opt=-fresolution=/tmp/ccqSvfuC.res -plugin-opt=-pass-through=-lgcc -plugin-opt=-pass-through=-lc -plugin-opt=-pass-through=-lgcc -flto --sysroot=/home/user/Xilinx/Vitis/2024.1/gnu/aarch64/lin/aarch64-none/bin/../aarch64-xilinx-elf --build-id -EL -X -maarch64elf -o cmTC_e6581 /home/user/Xilinx/Vitis/2024.1/gnu/aarch64/lin/aarch64-none/bin/../aarch64-xilinx-elf/usr/lib64/aarch64-xilinx-elf/12.2.0/crti.o /home/user/Xilinx/Vitis/2024.1/gnu/aarch64/lin/aarch64-none/bin/../aarch64-xilinx-elf/usr/lib64/aarch64-xilinx-elf/12.2.0/crtbegin.o -L/home/user/Xilinx/Vitis/2024.1/gnu/aarch64/lin/aarch64-none/x86_64-oesdk-linux/usr/bin/aarch64-xilinx-elf/../../lib/aarch64-xilinx-elf/gcc/aarch64-xilinx-elf/12.2.0 -L/home/user/Xilinx/Vitis/2024.1/gnu/aarch64/lin/aarch64-none/x86_64-oesdk-linux/usr/bin/aarch64-xilinx-elf/../../lib/aarch64-xilinx-elf/gcc -L/home/user/Xilinx/Vitis/2024.1/gnu/aarch64/lin/aarch64-none/bin/../aarch64-xilinx-elf/usr/lib64/aarch64-xilinx-elf/12.2.0 -L/home/user/Xilinx/Vitis/2024.1/gnu/aarch64/lin/aarch64-none/bin/../aarch64-xilinx-elf/usr/lib64 --no-warn-rwx-segment CMakeFiles/cmTC_e6581.dir/CMakeCXXCompilerABI.cpp.obj -lstdc++ -lm -lgcc -lc -lgcc /home/user/Xilinx/Vitis/2024.1/gnu/aarch64/lin/aarch64-none/bin/../aarch64-xilinx-elf/usr/lib64/aarch64-xilinx-elf/12.2.0/crtend.o /home/user/Xilinx/Vitis/2024.1/gnu/aarch64/lin/aarch64-none/bin/../aarch64-xilinx-elf/usr/lib64/aarch64-xilinx-elf/12.2.0/crtn.o
/home/user/Xilinx/Vitis/2024.1/gnu/aarch64/lin/aarch64-none/x86_64-oesdk-linux/usr/bin/aarch64-xilinx-elf/../../libexec/aarch64-xilinx-elf/gcc/aarch64-xilinx-elf/12.2.0/lto-wrapper -fresolution=/tmp/ccqSvfuC.res -flinker-output=exec CMakeFiles/cmTC_e6581.dir/CMakeCXXCompilerABI.cpp.obj 
/home/user/Xilinx/Vitis/2024.1/gnu/aarch64/lin/aarch64-none/x86_64-oesdk-linux/usr/bin/aarch64-xilinx-elf/../../libexec/aarch64-xilinx-elf/gcc/aarch64-xilinx-elf/12.2.0/lto-wrapper.real -fresolution=/tmp/ccqSvfuC.res -flinker-output=exec CMakeFiles/cmTC_e6581.dir/CMakeCXXCompilerABI.cpp.obj 
/home/user/Xilinx/Vitis/2024.1/gnu/aarch64/lin/aarch64-none/bin/../x86_64-oesdk-linux/usr/bin/aarch64-xilinx-elf/aarch64-xilinx-elf-g++ @/tmp/ccbSXpT6
Using built-in specs.
Reading specs from /home/user/workspace/vitis/kr260_pfm/zynqmp_fsbl/zynqmp_fsbl_bsp/Xilinx.spec
COLLECT_GCC=/home/user/Xilinx/Vitis/2024.1/gnu/aarch64/lin/aarch64-none/bin/../x86_64-oesdk-linux/usr/bin/aarch64-xilinx-elf/aarch64-xilinx-elf-g++.real
Target: aarch64-xilinx-elf
Configured with: ../../../../../../work-shared/gcc-12.2.0-r0/gcc-12.2.0/configure --build=x86_64-linux --host=x86_64-oesdk-linux --target=aarch64-xilinx-elf --prefix=/usr/local/oe-sdk-hardcoded-buildpath/sysroots/x86_64-oesdk-linux/usr --exec_prefix=/usr/local/oe-sdk-hardcoded-buildpath/sysroots/x86_64-oesdk-linux/usr --bindir=/usr/local/oe-sdk-hardcoded-buildpath/sysroots/x86_64-oesdk-linux/usr/bin/aarch64-xilinx-elf --sbindir=/usr/local/oe-sdk-hardcoded-buildpath/sysroots/x86_64-oesdk-linux/usr/bin/aarch64-xilinx-elf --libexecdir=/usr/local/oe-sdk-hardcoded-buildpath/sysroots/x86_64-oesdk-linux/usr/libexec/aarch64-xilinx-elf --datadir=/usr/local/oe-sdk-hardcoded-buildpath/sysroots/x86_64-oesdk-linux/usr/share --sysconfdir=/usr/local/oe-sdk-hardcoded-buildpath/sysroots/x86_64-oesdk-linux/etc --sharedstatedir=/usr/local/oe-sdk-hardcoded-buildpath/sysroots/x86_64-oesdk-linux/com --localstatedir=/usr/local/oe-sdk-hardcoded-buildpath/sysroots/x86_64-oesdk-linux/var --libdir=/usr/local/oe-sdk-hardcoded-buildpath/sysroots/x86_64-oesdk-linux/usr/lib/aarch64-xilinx-elf --includedir=/usr/local/oe-sdk-hardcoded-buildpath/sysroots/x86_64-oesdk-linux/usr/include --oldincludedir=/usr/local/oe-sdk-hardcoded-buildpath/sysroots/x86_64-oesdk-linux/usr/include --infodir=/usr/local/oe-sdk-hardcoded-buildpath/sysroots/x86_64-oesdk-linux/usr/share/info --mandir=/usr/local/oe-sdk-hardcoded-buildpath/sysroots/x86_64-oesdk-linux/usr/share/man --disable-silent-rules --disable-dependency-tracking --with-libtool-sysroot=/scratch/jenkins-BUILDS-eSDK-toolchain-2023.1_toolchain-7_Standalone_aarch64-tc/build/aarch64-tc-x86_64/work/x86_64-nativesdk-oesdk-linux/gcc-cross-canadian-aarch64/12.2.0-r0/recipe-sysroot --with-gnu-ld --enable-shared --enable-languages=c,c++,fortran --enable-threads=posix --enable-multilib --enable-c99 --enable-long-long --enable-libstdcxx-pch --program-prefix=aarch64-xilinx-elf- --without-local-prefix --disable-install-libiberty --disable-libssp --enable-libitm --enable-lto --disable-bootstrap --with-system-zlib --enable-linker-build-id --with-ppl=no --with-cloog=no --enable-checking=release --enable-cheaders=c_global --without-isl --with-gxx-include-dir=/not/exist/usr/include/c++/12.2.0 --with-build-time-tools=/scratch/jenkins-BUILDS-eSDK-toolchain-2023.1_toolchain-7_Standalone_aarch64-tc/build/aarch64-tc-x86_64/work/x86_64-nativesdk-oesdk-linux/gcc-cross-canadian-aarch64/12.2.0-r0/recipe-sysroot-native/usr/aarch64-xilinx-elf/bin --with-sysroot=/not/exist --with-build-sysroot=/scratch/jenkins-BUILDS-eSDK-toolchain-2023.1_toolchain-7_Standalone_aarch64-tc/build/aarch64-tc-x86_64/work/x86_64-nativesdk-oesdk-linux/gcc-cross-canadian-aarch64/12.2.0-r0/recipe-sysroot --enable-standard-branch-protection --with-plugin-ld=ld --enable-poison-system-directories --enable-nls --with-glibc-version=2.28 --enable-initfini-array --disable-libstdcxx-pch --with-newlib --disable-threads --enable-plugins --with-gnu-as --disable-libitm --disable-multiarch --with-arch=armv8-a --enable-multilib --with-sysroot=/not/exist
Thread model: single
Supported LTO compression algorithms: zlib zstd
gcc version 12.2.0 (GCC) 
COLLECT_GCC_OPTIONS='-c' '-fno-openmp' '-fno-openacc' '-fno-pie' '-fcf-protection=none' '-mbranch-protection=none' '-mlittle-endian' '-mabi=lp64' '-O2' '-Os' '--sysroot=/home/user/Xilinx/Vitis/2024.1/gnu/aarch64/lin/aarch64-none/bin/../aarch64-xilinx-elf' '-mbranch-protection=none' '-O2' '-specs=/home/user/workspace/vitis/kr260_pfm/zynqmp_fsbl/zynqmp_fsbl_bsp/Xilinx.spec' '-Os' '-ffat-lto-objects' '-v' '-march=armv8-a' '-mlittle-endian' '-mabi=lp64'   '-fltrans-output-list=/tmp/cct9Jkme.ltrans.out' '-fwpa' '-fresolution=/tmp/ccqSvfuC.res' '-flinker-output=exec'
 /home/user/Xilinx/Vitis/2024.1/gnu/aarch64/lin/aarch64-none/x86_64-oesdk-linux/usr/bin/aarch64-xilinx-elf/../../lib/aarch64-xilinx-elf/gcc/../../../libexec/aarch64-xilinx-elf/gcc/aarch64-xilinx-elf/12.2.0/lto1 -quiet -dumpbase ./cmTC_e6581.wpa -mbranch-protection=none -mlittle-endian -mabi=lp64 -mbranch-protection=none -march=armv8-a -mlittle-endian -mabi=lp64 -O2 -Os -O2 -Os -version -fno-openmp -fno-openacc -fno-pie -fcf-protection=none -ffat-lto-objects -fltrans-output-list=/tmp/cct9Jkme.ltrans.out -fwpa -fresolution=/tmp/ccqSvfuC.res -flinker-output=exec @/tmp/ccAdsDML
GNU GIMPLE (GCC) version 12.2.0 (aarch64-xilinx-elf)
	compiled by GNU C version 12.2.0, GMP version 6.2.1, MPFR version 4.1.0, MPC version 1.2.1, isl version none
GGC heuristics: --param ggc-min-expand=100 --param ggc-min-heapsize=131072
GNU GIMPLE (GCC) version 12.2.0 (aarch64-xilinx-elf)
	compiled by GNU C version 12.2.0, GMP version 6.2.1, MPFR version 4.1.0, MPC version 1.2.1, isl version none
GGC heuristics: --param ggc-min-expand=100 --param ggc-min-heapsize=131072
COMPILER_PATH=/home/user/Xilinx/Vitis/2024.1/gnu/aarch64/lin/aarch64-none/x86_64-oesdk-linux/usr/bin/aarch64-xilinx-elf/../../lib/aarch64-xilinx-elf/gcc/../../../libexec/aarch64-xilinx-elf/gcc/aarch64-xilinx-elf/12.2.0/:/home/user/Xilinx/Vitis/2024.1/gnu/aarch64/lin/aarch64-none/x86_64-oesdk-linux/usr/bin/aarch64-xilinx-elf/../../lib/aarch64-xilinx-elf/gcc/../../../libexec/aarch64-xilinx-elf/gcc/:/home/user/Xilinx/Vitis/2024.1/gnu/aarch64/lin/aarch64-none/x86_64-oesdk-linux/usr/bin/aarch64-xilinx-elf/../../libexec/aarch64-xilinx-elf/gcc/aarch64-xilinx-elf/12.2.0/:/home/user/Xilinx/Vitis/2024.1/gnu/aarch64/lin/aarch64-none/x86_64-oesdk-linux/usr/bin/aarch64-xilinx-elf/../../libexec/aarch64-xilinx-elf/gcc/aarch64-xilinx-elf/12.2.0/:/home/user/Xilinx/Vitis/2024.1/gnu/aarch64/lin/aarch64-none/x86_64-oesdk-linux/usr/bin/aarch64-xilinx-elf/../../libexec/aarch64-xilinx-elf/gcc/
LIBRARY_PATH=/home/user/Xilinx/Vitis/2024.1/gnu/aarch64/lin/aarch64-none/x86_64-oesdk-linux/usr/bin/aarch64-xilinx-elf/../../lib/aarch64-xilinx-elf/gcc/aarch64-xilinx-elf/12.2.0/:/home/user/Xilinx/Vitis/2024.1/gnu/aarch64/lin/aarch64-none/x86_64-oesdk-linux/usr/bin/aarch64-xilinx-elf/../../lib/aarch64-xilinx-elf/gcc/:/home/user/Xilinx/Vitis/2024.1/gnu/aarch64/lin/aarch64-none/bin/../aarch64-xilinx-elf/usr/lib64/aarch64-xilinx-elf/12.2.0/:/home/user/Xilinx/Vitis/2024.1/gnu/aarch64/lin/aarch64-none/bin/../aarch64-xilinx-elf/usr/lib64/
COLLECT_GCC_OPTIONS='-c' '-fno-openmp' '-fno-openacc' '-fno-pie' '-fcf-protection=none' '-mbranch-protection=none' '-mlittle-endian' '-mabi=lp64' '-O2' '-Os' '--sysroot=/home/user/Xilinx/Vitis/2024.1/gnu/aarch64/lin/aarch64-none/bin/../aarch64-xilinx-elf' '-mbranch-protection=none' '-O2' '-specs=/home/user/workspace/vitis/kr260_pfm/zynqmp_fsbl/zynqmp_fsbl_bsp/Xilinx.spec' '-Os' '-ffat-lto-objects' '-v' '-march=armv8-a' '-mlittle-endian' '-mabi=lp64'   '-fltrans-output-list=/tmp/cct9Jkme.ltrans.out' '-fwpa' '-fresolution=/tmp/ccqSvfuC.res' '-flinker-output=exec' '-dumpdir' './cmTC_e6581.wpa.'
/home/user/Xilinx/Vitis/2024.1/gnu/aarch64/lin/aarch64-none/bin/../x86_64-oesdk-linux/usr/bin/aarch64-xilinx-elf/aarch64-xilinx-elf-g++ @/tmp/ccV3lvpb
Using built-in specs.
Reading specs from /home/user/workspace/vitis/kr260_pfm/zynqmp_fsbl/zynqmp_fsbl_bsp/Xilinx.spec
COLLECT_GCC=/home/user/Xilinx/Vitis/2024.1/gnu/aarch64/lin/aarch64-none/bin/../x86_64-oesdk-linux/usr/bin/aarch64-xilinx-elf/aarch64-xilinx-elf-g++.real
Target: aarch64-xilinx-elf
Configured with: ../../../../../../work-shared/gcc-12.2.0-r0/gcc-12.2.0/configure --build=x86_64-linux --host=x86_64-oesdk-linux --target=aarch64-xilinx-elf --prefix=/usr/local/oe-sdk-hardcoded-buildpath/sysroots/x86_64-oesdk-linux/usr --exec_prefix=/usr/local/oe-sdk-hardcoded-buildpath/sysroots/x86_64-oesdk-linux/usr --bindir=/usr/local/oe-sdk-hardcoded-buildpath/sysroots/x86_64-oesdk-linux/usr/bin/aarch64-xilinx-elf --sbindir=/usr/local/oe-sdk-hardcoded-buildpath/sysroots/x86_64-oesdk-linux/usr/bin/aarch64-xilinx-elf --libexecdir=/usr/local/oe-sdk-hardcoded-buildpath/sysroots/x86_64-oesdk-linux/usr/libexec/aarch64-xilinx-elf --datadir=/usr/local/oe-sdk-hardcoded-buildpath/sysroots/x86_64-oesdk-linux/usr/share --sysconfdir=/usr/local/oe-sdk-hardcoded-buildpath/sysroots/x86_64-oesdk-linux/etc --sharedstatedir=/usr/local/oe-sdk-hardcoded-buildpath/sysroots/x86_64-oesdk-linux/com --localstatedir=/usr/local/oe-sdk-hardcoded-buildpath/sysroots/x86_64-oesdk-linux/var --libdir=/usr/local/oe-sdk-hardcoded-buildpath/sysroots/x86_64-oesdk-linux/usr/lib/aarch64-xilinx-elf --includedir=/usr/local/oe-sdk-hardcoded-buildpath/sysroots/x86_64-oesdk-linux/usr/include --oldincludedir=/usr/local/oe-sdk-hardcoded-buildpath/sysroots/x86_64-oesdk-linux/usr/include --infodir=/usr/local/oe-sdk-hardcoded-buildpath/sysroots/x86_64-oesdk-linux/usr/share/info --mandir=/usr/local/oe-sdk-hardcoded-buildpath/sysroots/x86_64-oesdk-linux/usr/share/man --disable-silent-rules --disable-dependency-tracking --with-libtool-sysroot=/scratch/jenkins-BUILDS-eSDK-toolchain-2023.1_toolchain-7_Standalone_aarch64-tc/build/aarch64-tc-x86_64/work/x86_64-nativesdk-oesdk-linux/gcc-cross-canadian-aarch64/12.2.0-r0/recipe-sysroot --with-gnu-ld --enable-shared --enable-languages=c,c++,fortran --enable-threads=posix --enable-multilib --enable-c99 --enable-long-long --enable-libstdcxx-pch --program-prefix=aarch64-xilinx-elf- --without-local-prefix --disable-install-libiberty --disable-libssp --enable-libitm --enable-lto --disable-bootstrap --with-system-zlib --enable-linker-build-id --with-ppl=no --with-cloog=no --enable-checking=release --enable-cheaders=c_global --without-isl --with-gxx-include-dir=/not/exist/usr/include/c++/12.2.0 --with-build-time-tools=/scratch/jenkins-BUILDS-eSDK-toolchain-2023.1_toolchain-7_Standalone_aarch64-tc/build/aarch64-tc-x86_64/work/x86_64-nativesdk-oesdk-linux/gcc-cross-canadian-aarch64/12.2.0-r0/recipe-sysroot-native/usr/aarch64-xilinx-elf/bin --with-sysroot=/not/exist --with-build-sysroot=/scratch/jenkins-BUILDS-eSDK-toolchain-2023.1_toolchain-7_Standalone_aarch64-tc/build/aarch64-tc-x86_64/work/x86_64-nativesdk-oesdk-linux/gcc-cross-canadian-aarch64/12.2.0-r0/recipe-sysroot --enable-standard-branch-protection --with-plugin-ld=ld --enable-poison-system-directories --enable-nls --with-glibc-version=2.28 --enable-initfini-array --disable-libstdcxx-pch --with-newlib --disable-threads --enable-plugins --with-gnu-as --disable-libitm --disable-multiarch --with-arch=armv8-a --enable-multilib --with-sysroot=/not/exist
Thread model: single
Supported LTO compression algorithms: zlib zstd
gcc version 12.2.0 (GCC) 
COLLECT_GCC_OPTIONS='-c' '-fno-openmp' '-fno-openacc' '-fno-pie' '-fcf-protection=none' '-mbranch-protection=none' '-mlittle-endian' '-mabi=lp64' '-O2' '-Os' '--sysroot=/home/user/Xilinx/Vitis/2024.1/gnu/aarch64/lin/aarch64-none/bin/../aarch64-xilinx-elf' '-mbranch-protection=none' '-O2' '-specs=/home/user/workspace/vitis/kr260_pfm/zynqmp_fsbl/zynqmp_fsbl_bsp/Xilinx.spec' '-Os' '-ffat-lto-objects' '-v' '-march=armv8-a' '-mlittle-endian' '-mabi=lp64'   '-fltrans' '-o' '/tmp/cct9Jkme.ltrans0.ltrans.o'
 /home/user/Xilinx/Vitis/2024.1/gnu/aarch64/lin/aarch64-none/x86_64-oesdk-linux/usr/bin/aarch64-xilinx-elf/../../lib/aarch64-xilinx-elf/gcc/../../../libexec/aarch64-xilinx-elf/gcc/aarch64-xilinx-elf/12.2.0/lto1 -quiet -dumpbase ./cmTC_e6581.ltrans0.ltrans -mbranch-protection=none -mlittle-endian -mabi=lp64 -mbranch-protection=none -march=armv8-a -mlittle-endian -mabi=lp64 -O2 -Os -O2 -Os -version -fno-openmp -fno-openacc -fno-pie -fcf-protection=none -ffat-lto-objects -fltrans @/tmp/cc4IVQBE -o /tmp/ccRamKFY.s
GNU GIMPLE (GCC) version 12.2.0 (aarch64-xilinx-elf)
	compiled by GNU C version 12.2.0, GMP version 6.2.1, MPFR version 4.1.0, MPC version 1.2.1, isl version none
GGC heuristics: --param ggc-min-expand=100 --param ggc-min-heapsize=131072
GNU GIMPLE (GCC) version 12.2.0 (aarch64-xilinx-elf)
	compiled by GNU C version 12.2.0, GMP version 6.2.1, MPFR version 4.1.0, MPC version 1.2.1, isl version none
GGC heuristics: --param ggc-min-expand=100 --param ggc-min-heapsize=131072
COLLECT_GCC_OPTIONS='-c' '-fno-openmp' '-fno-openacc' '-fno-pie' '-fcf-protection=none' '-mbranch-protection=none' '-mlittle-endian' '-mabi=lp64' '-O2' '-Os' '--sysroot=/home/user/Xilinx/Vitis/2024.1/gnu/aarch64/lin/aarch64-none/bin/../aarch64-xilinx-elf' '-mbranch-protection=none' '-O2' '-specs=/home/user/workspace/vitis/kr260_pfm/zynqmp_fsbl/zynqmp_fsbl_bsp/Xilinx.spec' '-Os' '-ffat-lto-objects' '-v' '-march=armv8-a' '-mlittle-endian' '-mabi=lp64'   '-fltrans' '-o' '/tmp/cct9Jkme.ltrans0.ltrans.o'
 /home/user/Xilinx/Vitis/2024.1/gnu/aarch64/lin/aarch64-none/x86_64-oesdk-linux/usr/bin/aarch64-xilinx-elf/../../lib/aarch64-xilinx-elf/gcc/../../../libexec/aarch64-xilinx-elf/gcc/aarch64-xilinx-elf/12.2.0/as -v -EL -march=armv8-a -mabi=lp64 -mabi=lp64 -o /tmp/cct9Jkme.ltrans0.ltrans.o /tmp/ccRamKFY.s
GNU assembler version 2.39.0 (aarch64-xilinx-elf) using BFD version (GNU Binutils) 2.39.0.20220819
COMPILER_PATH=/home/user/Xilinx/Vitis/2024.1/gnu/aarch64/lin/aarch64-none/x86_64-oesdk-linux/usr/bin/aarch64-xilinx-elf/../../lib/aarch64-xilinx-elf/gcc/../../../libexec/aarch64-xilinx-elf/gcc/aarch64-xilinx-elf/12.2.0/:/home/user/Xilinx/Vitis/2024.1/gnu/aarch64/lin/aarch64-none/x86_64-oesdk-linux/usr/bin/aarch64-xilinx-elf/../../lib/aarch64-xilinx-elf/gcc/../../../libexec/aarch64-xilinx-elf/gcc/:/home/user/Xilinx/Vitis/2024.1/gnu/aarch64/lin/aarch64-none/x86_64-oesdk-linux/usr/bin/aarch64-xilinx-elf/../../libexec/aarch64-xilinx-elf/gcc/aarch64-xilinx-elf/12.2.0/:/home/user/Xilinx/Vitis/2024.1/gnu/aarch64/lin/aarch64-none/x86_64-oesdk-linux/usr/bin/aarch64-xilinx-elf/../../libexec/aarch64-xilinx-elf/gcc/aarch64-xilinx-elf/12.2.0/:/home/user/Xilinx/Vitis/2024.1/gnu/aarch64/lin/aarch64-none/x86_64-oesdk-linux/usr/bin/aarch64-xilinx-elf/../../libexec/aarch64-xilinx-elf/gcc/
LIBRARY_PATH=/home/user/Xilinx/Vitis/2024.1/gnu/aarch64/lin/aarch64-none/x86_64-oesdk-linux/usr/bin/aarch64-xilinx-elf/../../lib/aarch64-xilinx-elf/gcc/aarch64-xilinx-elf/12.2.0/:/home/user/Xilinx/Vitis/2024.1/gnu/aarch64/lin/aarch64-none/x86_64-oesdk-linux/usr/bin/aarch64-xilinx-elf/../../lib/aarch64-xilinx-elf/gcc/:/home/user/Xilinx/Vitis/2024.1/gnu/aarch64/lin/aarch64-none/bin/../aarch64-xilinx-elf/usr/lib64/aarch64-xilinx-elf/12.2.0/:/home/user/Xilinx/Vitis/2024.1/gnu/aarch64/lin/aarch64-none/bin/../aarch64-xilinx-elf/usr/lib64/
COLLECT_GCC_OPTIONS='-c' '-fno-openmp' '-fno-openacc' '-fno-pie' '-fcf-protection=none' '-mbranch-protection=none' '-mlittle-endian' '-mabi=lp64' '-O2' '-Os' '--sysroot=/home/user/Xilinx/Vitis/2024.1/gnu/aarch64/lin/aarch64-none/bin/../aarch64-xilinx-elf' '-mbranch-protection=none' '-O2' '-specs=/home/user/workspace/vitis/kr260_pfm/zynqmp_fsbl/zynqmp_fsbl_bsp/Xilinx.spec' '-Os' '-ffat-lto-objects' '-v' '-march=armv8-a' '-mlittle-endian' '-mabi=lp64'   '-fltrans' '-o' '/tmp/cct9Jkme.ltrans0.ltrans.o' '-dumpdir' './cmTC_e6581.ltrans0.ltrans.'
/home/user/Xilinx/Vitis/2024.1/gnu/aarch64/lin/aarch64-none/x86_64-oesdk-linux/usr/bin/aarch64-xilinx-elf/aarch64-xilinx-elf-ld.real: warning: cannot find entry symbol _start; defaulting to 0000000000400060
COLLECT_GCC_OPTIONS='--sysroot=/home/user/Xilinx/Vitis/2024.1/gnu/aarch64/lin/aarch64-none/bin/../aarch64-xilinx-elf' '-mbranch-protection=none' '-O2' '-D' 'SDT' '-MMD' '-MP' '-specs=/home/user/workspace/vitis/kr260_pfm/zynqmp_fsbl/zynqmp_fsbl_bsp/Xilinx.spec' '-Os' '-flto' '-ffat-lto-objects' '-D' 'ARMA53_64' '-I' '/home/user/workspace/vitis/kr260_pfm/zynqmp_fsbl/zynqmp_fsbl_bsp/include' '-v' '-o' 'cmTC_e6581' '-march=armv8-a' '-mlittle-endian' '-mabi=lp64' '-dumpdir' 'cmTC_e6581.'
gmake[1]: Leaving directory '/home/user/workspace/vitis/kr260_pfm/zynqmp_fsbl/zynqmp_fsbl_bsp/libsrc/build_configs/gen_bsp/CMakeFiles/CMakeTmp'



Parsed CXX implicit include dir info from above output: rv=done
  found start of include info
  found start of implicit include info
    add: [/home/user/workspace/vitis/kr260_pfm/zynqmp_fsbl/zynqmp_fsbl_bsp/include]
    add: [/home/user/Xilinx/Vitis/2024.1/gnu/aarch64/lin/aarch64-none/x86_64-oesdk-linux/usr/bin/aarch64-xilinx-elf/../../lib/aarch64-xilinx-elf/gcc/aarch64-xilinx-elf/12.2.0/include]
    add: [/home/user/Xilinx/Vitis/2024.1/gnu/aarch64/lin/aarch64-none/x86_64-oesdk-linux/usr/bin/aarch64-xilinx-elf/../../lib/aarch64-xilinx-elf/gcc/aarch64-xilinx-elf/12.2.0/include-fixed]
    add: [/home/user/Xilinx/Vitis/2024.1/gnu/aarch64/lin/aarch64-none/bin/../aarch64-xilinx-elf/usr/include/c++/12.2.0]
    add: [/home/user/Xilinx/Vitis/2024.1/gnu/aarch64/lin/aarch64-none/bin/../aarch64-xilinx-elf/usr/include/c++/12.2.0/aarch64-xilinx-elf]
    add: [/home/user/Xilinx/Vitis/2024.1/gnu/aarch64/lin/aarch64-none/bin/../aarch64-xilinx-elf/usr/include/c++/12.2.0/backward]
    add: [/home/user/Xilinx/Vitis/2024.1/gnu/aarch64/lin/aarch64-none/bin/../aarch64-xilinx-elf/usr/include/]
  end of search list found
  collapse include dir [/home/user/workspace/vitis/kr260_pfm/zynqmp_fsbl/zynqmp_fsbl_bsp/include] ==> [/home/user/workspace/vitis/kr260_pfm/zynqmp_fsbl/zynqmp_fsbl_bsp/include]
  collapse include dir [/home/user/Xilinx/Vitis/2024.1/gnu/aarch64/lin/aarch64-none/x86_64-oesdk-linux/usr/bin/aarch64-xilinx-elf/../../lib/aarch64-xilinx-elf/gcc/aarch64-xilinx-elf/12.2.0/include] ==> [/home/user/Xilinx/Vitis/2024.1/gnu/aarch64/lin/aarch64-none/x86_64-oesdk-linux/usr/lib/aarch64-xilinx-elf/gcc/aarch64-xilinx-elf/12.2.0/include]
  collapse include dir [/home/user/Xilinx/Vitis/2024.1/gnu/aarch64/lin/aarch64-none/x86_64-oesdk-linux/usr/bin/aarch64-xilinx-elf/../../lib/aarch64-xilinx-elf/gcc/aarch64-xilinx-elf/12.2.0/include-fixed] ==> [/home/user/Xilinx/Vitis/2024.1/gnu/aarch64/lin/aarch64-none/x86_64-oesdk-linux/usr/lib/aarch64-xilinx-elf/gcc/aarch64-xilinx-elf/12.2.0/include-fixed]
  collapse include dir [/home/user/Xilinx/Vitis/2024.1/gnu/aarch64/lin/aarch64-none/bin/../aarch64-xilinx-elf/usr/include/c++/12.2.0] ==> [/home/user/Xilinx/Vitis/2024.1/gnu/aarch64/lin/aarch64-none/aarch64-xilinx-elf/usr/include/c++/12.2.0]
  collapse include dir [/home/user/Xilinx/Vitis/2024.1/gnu/aarch64/lin/aarch64-none/bin/../aarch64-xilinx-elf/usr/include/c++/12.2.0/aarch64-xilinx-elf] ==> [/home/user/Xilinx/Vitis/2024.1/gnu/aarch64/lin/aarch64-none/aarch64-xilinx-elf/usr/include/c++/12.2.0/aarch64-xilinx-elf]
  collapse include dir [/home/user/Xilinx/Vitis/2024.1/gnu/aarch64/lin/aarch64-none/bin/../aarch64-xilinx-elf/usr/include/c++/12.2.0/backward] ==> [/home/user/Xilinx/Vitis/2024.1/gnu/aarch64/lin/aarch64-none/aarch64-xilinx-elf/usr/include/c++/12.2.0/backward]
  collapse include dir [/home/user/Xilinx/Vitis/2024.1/gnu/aarch64/lin/aarch64-none/bin/../aarch64-xilinx-elf/usr/include/] ==> [/home/user/Xilinx/Vitis/2024.1/gnu/aarch64/lin/aarch64-none/aarch64-xilinx-elf/usr/include]
  implicit include dirs: [/home/user/workspace/vitis/kr260_pfm/zynqmp_fsbl/zynqmp_fsbl_bsp/include;/home/user/Xilinx/Vitis/2024.1/gnu/aarch64/lin/aarch64-none/x86_64-oesdk-linux/usr/lib/aarch64-xilinx-elf/gcc/aarch64-xilinx-elf/12.2.0/include;/home/user/Xilinx/Vitis/2024.1/gnu/aarch64/lin/aarch64-none/x86_64-oesdk-linux/usr/lib/aarch64-xilinx-elf/gcc/aarch64-xilinx-elf/12.2.0/include-fixed;/home/user/Xilinx/Vitis/2024.1/gnu/aarch64/lin/aarch64-none/aarch64-xilinx-elf/usr/include/c++/12.2.0;/home/user/Xilinx/Vitis/2024.1/gnu/aarch64/lin/aarch64-none/aarch64-xilinx-elf/usr/include/c++/12.2.0/aarch64-xilinx-elf;/home/user/Xilinx/Vitis/2024.1/gnu/aarch64/lin/aarch64-none/aarch64-xilinx-elf/usr/include/c++/12.2.0/backward;/home/user/Xilinx/Vitis/2024.1/gnu/aarch64/lin/aarch64-none/aarch64-xilinx-elf/usr/include]


Parsed CXX implicit link information from above output:
  link line regex: [^( *|.*[/\])(aarch64-none-elf-ld|CMAKE_LINK_STARTFILE-NOTFOUND|([^/\]+-)?ld|collect2)[^/\]*( |$)]
  ignore line: [Change Dir: /home/user/workspace/vitis/kr260_pfm/zynqmp_fsbl/zynqmp_fsbl_bsp/libsrc/build_configs/gen_bsp/CMakeFiles/CMakeTmp]
  ignore line: []
  ignore line: [Run Build Command(s):/bin/gmake -f Makefile cmTC_e6581/fast && /bin/gmake  -f CMakeFiles/cmTC_e6581.dir/build.make CMakeFiles/cmTC_e6581.dir/build]
  ignore line: [gmake[1]: Entering directory '/home/user/workspace/vitis/kr260_pfm/zynqmp_fsbl/zynqmp_fsbl_bsp/libsrc/build_configs/gen_bsp/CMakeFiles/CMakeTmp']
  ignore line: [Building CXX object CMakeFiles/cmTC_e6581.dir/CMakeCXXCompilerABI.cpp.obj]
  ignore line: [/home/user/Xilinx/Vitis/2024.1/gnu/aarch64/lin/aarch64-none/bin/aarch64-none-elf-g++   -O2 -DSDT  -MMD -MP -specs=/home/user/workspace/vitis/kr260_pfm/zynqmp_fsbl/zynqmp_fsbl_bsp/Xilinx.spec -Os -flto -ffat-lto-objects -DARMA53_64 -I/home/user/workspace/vitis/kr260_pfm/zynqmp_fsbl/zynqmp_fsbl_bsp/include    -v -o CMakeFiles/cmTC_e6581.dir/CMakeCXXCompilerABI.cpp.obj -c /home/user/Xilinx/Vitis/2024.1/tps/lnx64/cmake-3.24.2/share/cmake-3.24/Modules/CMakeCXXCompilerABI.cpp]
  ignore line: [Using built-in specs.]
  ignore line: [Reading specs from /home/user/workspace/vitis/kr260_pfm/zynqmp_fsbl/zynqmp_fsbl_bsp/Xilinx.spec]
  ignore line: [COLLECT_GCC=/home/user/Xilinx/Vitis/2024.1/gnu/aarch64/lin/aarch64-none/bin/../x86_64-oesdk-linux/usr/bin/aarch64-xilinx-elf/aarch64-xilinx-elf-g++.real]
  ignore line: [Target: aarch64-xilinx-elf]
  ignore line: [Configured with: ../../../../../../work-shared/gcc-12.2.0-r0/gcc-12.2.0/configure --build=x86_64-linux --host=x86_64-oesdk-linux --target=aarch64-xilinx-elf --prefix=/usr/local/oe-sdk-hardcoded-buildpath/sysroots/x86_64-oesdk-linux/usr --exec_prefix=/usr/local/oe-sdk-hardcoded-buildpath/sysroots/x86_64-oesdk-linux/usr --bindir=/usr/local/oe-sdk-hardcoded-buildpath/sysroots/x86_64-oesdk-linux/usr/bin/aarch64-xilinx-elf --sbindir=/usr/local/oe-sdk-hardcoded-buildpath/sysroots/x86_64-oesdk-linux/usr/bin/aarch64-xilinx-elf --libexecdir=/usr/local/oe-sdk-hardcoded-buildpath/sysroots/x86_64-oesdk-linux/usr/libexec/aarch64-xilinx-elf --datadir=/usr/local/oe-sdk-hardcoded-buildpath/sysroots/x86_64-oesdk-linux/usr/share --sysconfdir=/usr/local/oe-sdk-hardcoded-buildpath/sysroots/x86_64-oesdk-linux/etc --sharedstatedir=/usr/local/oe-sdk-hardcoded-buildpath/sysroots/x86_64-oesdk-linux/com --localstatedir=/usr/local/oe-sdk-hardcoded-buildpath/sysroots/x86_64-oesdk-linux/var --libdir=/usr/local/oe-sdk-hardcoded-buildpath/sysroots/x86_64-oesdk-linux/usr/lib/aarch64-xilinx-elf --includedir=/usr/local/oe-sdk-hardcoded-buildpath/sysroots/x86_64-oesdk-linux/usr/include --oldincludedir=/usr/local/oe-sdk-hardcoded-buildpath/sysroots/x86_64-oesdk-linux/usr/include --infodir=/usr/local/oe-sdk-hardcoded-buildpath/sysroots/x86_64-oesdk-linux/usr/share/info --mandir=/usr/local/oe-sdk-hardcoded-buildpath/sysroots/x86_64-oesdk-linux/usr/share/man --disable-silent-rules --disable-dependency-tracking --with-libtool-sysroot=/scratch/jenkins-BUILDS-eSDK-toolchain-2023.1_toolchain-7_Standalone_aarch64-tc/build/aarch64-tc-x86_64/work/x86_64-nativesdk-oesdk-linux/gcc-cross-canadian-aarch64/12.2.0-r0/recipe-sysroot --with-gnu-ld --enable-shared --enable-languages=c,c++,fortran --enable-threads=posix --enable-multilib --enable-c99 --enable-long-long --enable-libstdcxx-pch --program-prefix=aarch64-xilinx-elf- --without-local-prefix --disable-install-libiberty --disable-libssp --enable-libitm --enable-lto --disable-bootstrap --with-system-zlib --enable-linker-build-id --with-ppl=no --with-cloog=no --enable-checking=release --enable-cheaders=c_global --without-isl --with-gxx-include-dir=/not/exist/usr/include/c++/12.2.0 --with-build-time-tools=/scratch/jenkins-BUILDS-eSDK-toolchain-2023.1_toolchain-7_Standalone_aarch64-tc/build/aarch64-tc-x86_64/work/x86_64-nativesdk-oesdk-linux/gcc-cross-canadian-aarch64/12.2.0-r0/recipe-sysroot-native/usr/aarch64-xilinx-elf/bin --with-sysroot=/not/exist --with-build-sysroot=/scratch/jenkins-BUILDS-eSDK-toolchain-2023.1_toolchain-7_Standalone_aarch64-tc/build/aarch64-tc-x86_64/work/x86_64-nativesdk-oesdk-linux/gcc-cross-canadian-aarch64/12.2.0-r0/recipe-sysroot --enable-standard-branch-protection --with-plugin-ld=ld --enable-poison-system-directories --enable-nls --with-glibc-version=2.28 --enable-initfini-array --disable-libstdcxx-pch --with-newlib --disable-threads --enable-plugins --with-gnu-as --disable-libitm --disable-multiarch --with-arch=armv8-a --enable-multilib --with-sysroot=/not/exist]
  ignore line: [Thread model: single]
  ignore line: [Supported LTO compression algorithms: zlib zstd]
  ignore line: [gcc version 12.2.0 (GCC) ]
  ignore line: [COLLECT_GCC_OPTIONS='--sysroot=/home/user/Xilinx/Vitis/2024.1/gnu/aarch64/lin/aarch64-none/bin/../aarch64-xilinx-elf' '-mbranch-protection=none' '-O2' '-D' 'SDT' '-MMD' '-MP' '-specs=/home/user/workspace/vitis/kr260_pfm/zynqmp_fsbl/zynqmp_fsbl_bsp/Xilinx.spec' '-Os' '-flto' '-ffat-lto-objects' '-D' 'ARMA53_64' '-I' '/home/user/workspace/vitis/kr260_pfm/zynqmp_fsbl/zynqmp_fsbl_bsp/include' '-v' '-o' 'CMakeFiles/cmTC_e6581.dir/CMakeCXXCompilerABI.cpp.obj' '-c' '-march=armv8-a' '-mlittle-endian' '-mabi=lp64' '-dumpdir' 'CMakeFiles/cmTC_e6581.dir/']
  ignore line: [ /home/user/Xilinx/Vitis/2024.1/gnu/aarch64/lin/aarch64-none/x86_64-oesdk-linux/usr/bin/aarch64-xilinx-elf/../../libexec/aarch64-xilinx-elf/gcc/aarch64-xilinx-elf/12.2.0/cc1plus -quiet -v -I /home/user/workspace/vitis/kr260_pfm/zynqmp_fsbl/zynqmp_fsbl_bsp/include -iprefix /home/user/Xilinx/Vitis/2024.1/gnu/aarch64/lin/aarch64-none/x86_64-oesdk-linux/usr/bin/aarch64-xilinx-elf/../../lib/aarch64-xilinx-elf/gcc/aarch64-xilinx-elf/12.2.0/ -isysroot /home/user/Xilinx/Vitis/2024.1/gnu/aarch64/lin/aarch64-none/bin/../aarch64-xilinx-elf -MMD CMakeFiles/cmTC_e6581.dir/CMakeCXXCompilerABI.cpp.d -MP -MQ CMakeFiles/cmTC_e6581.dir/CMakeCXXCompilerABI.cpp.obj -D SDT -D ARMA53_64 /home/user/Xilinx/Vitis/2024.1/tps/lnx64/cmake-3.24.2/share/cmake-3.24/Modules/CMakeCXXCompilerABI.cpp -quiet -dumpdir CMakeFiles/cmTC_e6581.dir/ -dumpbase CMakeCXXCompilerABI.cpp.cpp -dumpbase-ext .cpp -mbranch-protection=none -march=armv8-a -mlittle-endian -mabi=lp64 -O2 -Os -version -flto -ffat-lto-objects -o /tmp/cci6mbzY.s]
  ignore line: [GNU C++17 (GCC) version 12.2.0 (aarch64-xilinx-elf)]
  ignore line: [	compiled by GNU C version 12.2.0  GMP version 6.2.1  MPFR version 4.1.0  MPC version 1.2.1  isl version none]
  ignore line: [GGC heuristics: --param ggc-min-expand=100 --param ggc-min-heapsize=131072]
  ignore line: [ignoring nonexistent directory "/home/user/Xilinx/Vitis/2024.1/gnu/aarch64/lin/aarch64-none/x86_64-oesdk-linux/usr/bin/aarch64-xilinx-elf/../../lib/aarch64-xilinx-elf/gcc/aarch64-xilinx-elf/12.2.0/../../../../../aarch64-xilinx-elf/include"]
  ignore line: [ignoring duplicate directory "/home/user/Xilinx/Vitis/2024.1/gnu/aarch64/lin/aarch64-none/x86_64-oesdk-linux/usr/bin/aarch64-xilinx-elf/../../lib/aarch64-xilinx-elf/gcc/../../../lib/aarch64-xilinx-elf/gcc/aarch64-xilinx-elf/12.2.0/include"]
  ignore line: [ignoring nonexistent directory "/home/user/Xilinx/Vitis/2024.1/gnu/aarch64/lin/aarch64-none/bin/../aarch64-xilinx-elf/usr/lib64/aarch64-xilinx-elf/12.2.0/include"]
  ignore line: [ignoring nonexistent directory "/home/user/Xilinx/Vitis/2024.1/gnu/aarch64/lin/aarch64-none/bin/../aarch64-xilinx-elf/usr/local/include"]
  ignore line: [ignoring duplicate directory "/home/user/Xilinx/Vitis/2024.1/gnu/aarch64/lin/aarch64-none/x86_64-oesdk-linux/usr/bin/aarch64-xilinx-elf/../../lib/aarch64-xilinx-elf/gcc/../../../lib/aarch64-xilinx-elf/gcc/aarch64-xilinx-elf/12.2.0/include-fixed"]
  ignore line: [ignoring nonexistent directory "/home/user/Xilinx/Vitis/2024.1/gnu/aarch64/lin/aarch64-none/x86_64-oesdk-linux/usr/bin/aarch64-xilinx-elf/../../lib/aarch64-xilinx-elf/gcc/../../../lib/aarch64-xilinx-elf/gcc/aarch64-xilinx-elf/12.2.0/../../../../../aarch64-xilinx-elf/include"]
  ignore line: [#include "..." search starts here:]
  ignore line: [#include <...> search starts here:]
  ignore line: [ /home/user/workspace/vitis/kr260_pfm/zynqmp_fsbl/zynqmp_fsbl_bsp/include]
  ignore line: [ /home/user/Xilinx/Vitis/2024.1/gnu/aarch64/lin/aarch64-none/x86_64-oesdk-linux/usr/bin/aarch64-xilinx-elf/../../lib/aarch64-xilinx-elf/gcc/aarch64-xilinx-elf/12.2.0/include]
  ignore line: [ /home/user/Xilinx/Vitis/2024.1/gnu/aarch64/lin/aarch64-none/x86_64-oesdk-linux/usr/bin/aarch64-xilinx-elf/../../lib/aarch64-xilinx-elf/gcc/aarch64-xilinx-elf/12.2.0/include-fixed]
  ignore line: [ /home/user/Xilinx/Vitis/2024.1/gnu/aarch64/lin/aarch64-none/bin/../aarch64-xilinx-elf/usr/include/c++/12.2.0]
  ignore line: [ /home/user/Xilinx/Vitis/2024.1/gnu/aarch64/lin/aarch64-none/bin/../aarch64-xilinx-elf/usr/include/c++/12.2.0/aarch64-xilinx-elf]
  ignore line: [ /home/user/Xilinx/Vitis/2024.1/gnu/aarch64/lin/aarch64-none/bin/../aarch64-xilinx-elf/usr/include/c++/12.2.0/backward]
  ignore line: [ /home/user/Xilinx/Vitis/2024.1/gnu/aarch64/lin/aarch64-none/bin/../aarch64-xilinx-elf/usr/include/]
  ignore line: [End of search list.]
  ignore line: [GNU C++17 (GCC) version 12.2.0 (aarch64-xilinx-elf)]
  ignore line: [	compiled by GNU C version 12.2.0  GMP version 6.2.1  MPFR version 4.1.0  MPC version 1.2.1  isl version none]
  ignore line: [GGC heuristics: --param ggc-min-expand=100 --param ggc-min-heapsize=131072]
  ignore line: [Compiler executable checksum: 027341a5c8ca54b309f0b1bae69bee25]
  ignore line: [COLLECT_GCC_OPTIONS='--sysroot=/home/user/Xilinx/Vitis/2024.1/gnu/aarch64/lin/aarch64-none/bin/../aarch64-xilinx-elf' '-mbranch-protection=none' '-O2' '-D' 'SDT' '-MMD' '-MP' '-specs=/home/user/workspace/vitis/kr260_pfm/zynqmp_fsbl/zynqmp_fsbl_bsp/Xilinx.spec' '-Os' '-flto' '-ffat-lto-objects' '-D' 'ARMA53_64' '-I' '/home/user/workspace/vitis/kr260_pfm/zynqmp_fsbl/zynqmp_fsbl_bsp/include' '-v' '-o' 'CMakeFiles/cmTC_e6581.dir/CMakeCXXCompilerABI.cpp.obj' '-c' '-march=armv8-a' '-mlittle-endian' '-mabi=lp64' '-dumpdir' 'CMakeFiles/cmTC_e6581.dir/']
  ignore line: [ /home/user/Xilinx/Vitis/2024.1/gnu/aarch64/lin/aarch64-none/x86_64-oesdk-linux/usr/bin/aarch64-xilinx-elf/../../libexec/aarch64-xilinx-elf/gcc/aarch64-xilinx-elf/12.2.0/as -v -I /home/user/workspace/vitis/kr260_pfm/zynqmp_fsbl/zynqmp_fsbl_bsp/include -EL -march=armv8-a -mabi=lp64 -o CMakeFiles/cmTC_e6581.dir/CMakeCXXCompilerABI.cpp.obj /tmp/cci6mbzY.s]
  ignore line: [GNU assembler version 2.39.0 (aarch64-xilinx-elf) using BFD version (GNU Binutils) 2.39.0.20220819]
  ignore line: [COMPILER_PATH=/home/user/Xilinx/Vitis/2024.1/gnu/aarch64/lin/aarch64-none/x86_64-oesdk-linux/usr/bin/aarch64-xilinx-elf/../../libexec/aarch64-xilinx-elf/gcc/aarch64-xilinx-elf/12.2.0/:/home/user/Xilinx/Vitis/2024.1/gnu/aarch64/lin/aarch64-none/x86_64-oesdk-linux/usr/bin/aarch64-xilinx-elf/../../libexec/aarch64-xilinx-elf/gcc/]
  ignore line: [LIBRARY_PATH=/home/user/Xilinx/Vitis/2024.1/gnu/aarch64/lin/aarch64-none/x86_64-oesdk-linux/usr/bin/aarch64-xilinx-elf/../../lib/aarch64-xilinx-elf/gcc/aarch64-xilinx-elf/12.2.0/:/home/user/Xilinx/Vitis/2024.1/gnu/aarch64/lin/aarch64-none/x86_64-oesdk-linux/usr/bin/aarch64-xilinx-elf/../../lib/aarch64-xilinx-elf/gcc/:/home/user/Xilinx/Vitis/2024.1/gnu/aarch64/lin/aarch64-none/bin/../aarch64-xilinx-elf/usr/lib64/aarch64-xilinx-elf/12.2.0/:/home/user/Xilinx/Vitis/2024.1/gnu/aarch64/lin/aarch64-none/bin/../aarch64-xilinx-elf/usr/lib64/]
  ignore line: [COLLECT_GCC_OPTIONS='--sysroot=/home/user/Xilinx/Vitis/2024.1/gnu/aarch64/lin/aarch64-none/bin/../aarch64-xilinx-elf' '-mbranch-protection=none' '-O2' '-D' 'SDT' '-MMD' '-MP' '-specs=/home/user/workspace/vitis/kr260_pfm/zynqmp_fsbl/zynqmp_fsbl_bsp/Xilinx.spec' '-Os' '-flto' '-ffat-lto-objects' '-D' 'ARMA53_64' '-I' '/home/user/workspace/vitis/kr260_pfm/zynqmp_fsbl/zynqmp_fsbl_bsp/include' '-v' '-o' 'CMakeFiles/cmTC_e6581.dir/CMakeCXXCompilerABI.cpp.obj' '-c' '-march=armv8-a' '-mlittle-endian' '-mabi=lp64' '-dumpdir' 'CMakeFiles/cmTC_e6581.dir/CMakeCXXCompilerABI.cpp.']
  ignore line: [Linking CXX executable cmTC_e6581]
  ignore line: [/home/user/Xilinx/Vitis/2024.1/tps/lnx64/cmake-3.24.2/bin/cmake -E cmake_link_script CMakeFiles/cmTC_e6581.dir/link.txt --verbose=1]
  ignore line: [/home/user/Xilinx/Vitis/2024.1/gnu/aarch64/lin/aarch64-none/bin/aarch64-none-elf-g++  -O2 -DSDT  -MMD -MP -specs=/home/user/workspace/vitis/kr260_pfm/zynqmp_fsbl/zynqmp_fsbl_bsp/Xilinx.spec -Os -flto -ffat-lto-objects -DARMA53_64 -I/home/user/workspace/vitis/kr260_pfm/zynqmp_fsbl/zynqmp_fsbl_bsp/include   -v CMakeFiles/cmTC_e6581.dir/CMakeCXXCompilerABI.cpp.obj -o cmTC_e6581 ]
  ignore line: [Using built-in specs.]
  ignore line: [Reading specs from /home/user/workspace/vitis/kr260_pfm/zynqmp_fsbl/zynqmp_fsbl_bsp/Xilinx.spec]
  ignore line: [COLLECT_GCC=/home/user/Xilinx/Vitis/2024.1/gnu/aarch64/lin/aarch64-none/bin/../x86_64-oesdk-linux/usr/bin/aarch64-xilinx-elf/aarch64-xilinx-elf-g++.real]
  ignore line: [COLLECT_LTO_WRAPPER=/home/user/Xilinx/Vitis/2024.1/gnu/aarch64/lin/aarch64-none/x86_64-oesdk-linux/usr/bin/aarch64-xilinx-elf/../../libexec/aarch64-xilinx-elf/gcc/aarch64-xilinx-elf/12.2.0/lto-wrapper]
  ignore line: [Target: aarch64-xilinx-elf]
  ignore line: [Configured with: ../../../../../../work-shared/gcc-12.2.0-r0/gcc-12.2.0/configure --build=x86_64-linux --host=x86_64-oesdk-linux --target=aarch64-xilinx-elf --prefix=/usr/local/oe-sdk-hardcoded-buildpath/sysroots/x86_64-oesdk-linux/usr --exec_prefix=/usr/local/oe-sdk-hardcoded-buildpath/sysroots/x86_64-oesdk-linux/usr --bindir=/usr/local/oe-sdk-hardcoded-buildpath/sysroots/x86_64-oesdk-linux/usr/bin/aarch64-xilinx-elf --sbindir=/usr/local/oe-sdk-hardcoded-buildpath/sysroots/x86_64-oesdk-linux/usr/bin/aarch64-xilinx-elf --libexecdir=/usr/local/oe-sdk-hardcoded-buildpath/sysroots/x86_64-oesdk-linux/usr/libexec/aarch64-xilinx-elf --datadir=/usr/local/oe-sdk-hardcoded-buildpath/sysroots/x86_64-oesdk-linux/usr/share --sysconfdir=/usr/local/oe-sdk-hardcoded-buildpath/sysroots/x86_64-oesdk-linux/etc --sharedstatedir=/usr/local/oe-sdk-hardcoded-buildpath/sysroots/x86_64-oesdk-linux/com --localstatedir=/usr/local/oe-sdk-hardcoded-buildpath/sysroots/x86_64-oesdk-linux/var --libdir=/usr/local/oe-sdk-hardcoded-buildpath/sysroots/x86_64-oesdk-linux/usr/lib/aarch64-xilinx-elf --includedir=/usr/local/oe-sdk-hardcoded-buildpath/sysroots/x86_64-oesdk-linux/usr/include --oldincludedir=/usr/local/oe-sdk-hardcoded-buildpath/sysroots/x86_64-oesdk-linux/usr/include --infodir=/usr/local/oe-sdk-hardcoded-buildpath/sysroots/x86_64-oesdk-linux/usr/share/info --mandir=/usr/local/oe-sdk-hardcoded-buildpath/sysroots/x86_64-oesdk-linux/usr/share/man --disable-silent-rules --disable-dependency-tracking --with-libtool-sysroot=/scratch/jenkins-BUILDS-eSDK-toolchain-2023.1_toolchain-7_Standalone_aarch64-tc/build/aarch64-tc-x86_64/work/x86_64-nativesdk-oesdk-linux/gcc-cross-canadian-aarch64/12.2.0-r0/recipe-sysroot --with-gnu-ld --enable-shared --enable-languages=c,c++,fortran --enable-threads=posix --enable-multilib --enable-c99 --enable-long-long --enable-libstdcxx-pch --program-prefix=aarch64-xilinx-elf- --without-local-prefix --disable-install-libiberty --disable-libssp --enable-libitm --enable-lto --disable-bootstrap --with-system-zlib --enable-linker-build-id --with-ppl=no --with-cloog=no --enable-checking=release --enable-cheaders=c_global --without-isl --with-gxx-include-dir=/not/exist/usr/include/c++/12.2.0 --with-build-time-tools=/scratch/jenkins-BUILDS-eSDK-toolchain-2023.1_toolchain-7_Standalone_aarch64-tc/build/aarch64-tc-x86_64/work/x86_64-nativesdk-oesdk-linux/gcc-cross-canadian-aarch64/12.2.0-r0/recipe-sysroot-native/usr/aarch64-xilinx-elf/bin --with-sysroot=/not/exist --with-build-sysroot=/scratch/jenkins-BUILDS-eSDK-toolchain-2023.1_toolchain-7_Standalone_aarch64-tc/build/aarch64-tc-x86_64/work/x86_64-nativesdk-oesdk-linux/gcc-cross-canadian-aarch64/12.2.0-r0/recipe-sysroot --enable-standard-branch-protection --with-plugin-ld=ld --enable-poison-system-directories --enable-nls --with-glibc-version=2.28 --enable-initfini-array --disable-libstdcxx-pch --with-newlib --disable-threads --enable-plugins --with-gnu-as --disable-libitm --disable-multiarch --with-arch=armv8-a --enable-multilib --with-sysroot=/not/exist]
  ignore line: [Thread model: single]
  ignore line: [Supported LTO compression algorithms: zlib zstd]
  ignore line: [gcc version 12.2.0 (GCC) ]
  ignore line: [COMPILER_PATH=/home/user/Xilinx/Vitis/2024.1/gnu/aarch64/lin/aarch64-none/x86_64-oesdk-linux/usr/bin/aarch64-xilinx-elf/../../libexec/aarch64-xilinx-elf/gcc/aarch64-xilinx-elf/12.2.0/:/home/user/Xilinx/Vitis/2024.1/gnu/aarch64/lin/aarch64-none/x86_64-oesdk-linux/usr/bin/aarch64-xilinx-elf/../../libexec/aarch64-xilinx-elf/gcc/]
  ignore line: [LIBRARY_PATH=/home/user/Xilinx/Vitis/2024.1/gnu/aarch64/lin/aarch64-none/x86_64-oesdk-linux/usr/bin/aarch64-xilinx-elf/../../lib/aarch64-xilinx-elf/gcc/aarch64-xilinx-elf/12.2.0/:/home/user/Xilinx/Vitis/2024.1/gnu/aarch64/lin/aarch64-none/x86_64-oesdk-linux/usr/bin/aarch64-xilinx-elf/../../lib/aarch64-xilinx-elf/gcc/:/home/user/Xilinx/Vitis/2024.1/gnu/aarch64/lin/aarch64-none/bin/../aarch64-xilinx-elf/usr/lib64/aarch64-xilinx-elf/12.2.0/:/home/user/Xilinx/Vitis/2024.1/gnu/aarch64/lin/aarch64-none/bin/../aarch64-xilinx-elf/usr/lib64/]
  ignore line: [COLLECT_GCC_OPTIONS='--sysroot=/home/user/Xilinx/Vitis/2024.1/gnu/aarch64/lin/aarch64-none/bin/../aarch64-xilinx-elf' '-mbranch-protection=none' '-O2' '-D' 'SDT' '-MMD' '-MP' '-specs=/home/user/workspace/vitis/kr260_pfm/zynqmp_fsbl/zynqmp_fsbl_bsp/Xilinx.spec' '-Os' '-flto' '-ffat-lto-objects' '-D' 'ARMA53_64' '-I' '/home/user/workspace/vitis/kr260_pfm/zynqmp_fsbl/zynqmp_fsbl_bsp/include' '-v' '-o' 'cmTC_e6581' '-march=armv8-a' '-mlittle-endian' '-mabi=lp64' '-dumpdir' 'cmTC_e6581.']
  link line: [ /home/user/Xilinx/Vitis/2024.1/gnu/aarch64/lin/aarch64-none/x86_64-oesdk-linux/usr/bin/aarch64-xilinx-elf/../../libexec/aarch64-xilinx-elf/gcc/aarch64-xilinx-elf/12.2.0/collect2 -plugin /home/user/Xilinx/Vitis/2024.1/gnu/aarch64/lin/aarch64-none/x86_64-oesdk-linux/usr/bin/aarch64-xilinx-elf/../../libexec/aarch64-xilinx-elf/gcc/aarch64-xilinx-elf/12.2.0/liblto_plugin.so -plugin-opt=/home/user/Xilinx/Vitis/2024.1/gnu/aarch64/lin/aarch64-none/x86_64-oesdk-linux/usr/bin/aarch64-xilinx-elf/../../libexec/aarch64-xilinx-elf/gcc/aarch64-xilinx-elf/12.2.0/lto-wrapper -plugin-opt=-fresolution=/tmp/ccqSvfuC.res -plugin-opt=-pass-through=-lgcc -plugin-opt=-pass-through=-lc -plugin-opt=-pass-through=-lgcc -flto --sysroot=/home/user/Xilinx/Vitis/2024.1/gnu/aarch64/lin/aarch64-none/bin/../aarch64-xilinx-elf --build-id -EL -X -maarch64elf -o cmTC_e6581 /home/user/Xilinx/Vitis/2024.1/gnu/aarch64/lin/aarch64-none/bin/../aarch64-xilinx-elf/usr/lib64/aarch64-xilinx-elf/12.2.0/crti.o /home/user/Xilinx/Vitis/2024.1/gnu/aarch64/lin/aarch64-none/bin/../aarch64-xilinx-elf/usr/lib64/aarch64-xilinx-elf/12.2.0/crtbegin.o -L/home/user/Xilinx/Vitis/2024.1/gnu/aarch64/lin/aarch64-none/x86_64-oesdk-linux/usr/bin/aarch64-xilinx-elf/../../lib/aarch64-xilinx-elf/gcc/aarch64-xilinx-elf/12.2.0 -L/home/user/Xilinx/Vitis/2024.1/gnu/aarch64/lin/aarch64-none/x86_64-oesdk-linux/usr/bin/aarch64-xilinx-elf/../../lib/aarch64-xilinx-elf/gcc -L/home/user/Xilinx/Vitis/2024.1/gnu/aarch64/lin/aarch64-none/bin/../aarch64-xilinx-elf/usr/lib64/aarch64-xilinx-elf/12.2.0 -L/home/user/Xilinx/Vitis/2024.1/gnu/aarch64/lin/aarch64-none/bin/../aarch64-xilinx-elf/usr/lib64 --no-warn-rwx-segment CMakeFiles/cmTC_e6581.dir/CMakeCXXCompilerABI.cpp.obj -lstdc++ -lm -lgcc -lc -lgcc /home/user/Xilinx/Vitis/2024.1/gnu/aarch64/lin/aarch64-none/bin/../aarch64-xilinx-elf/usr/lib64/aarch64-xilinx-elf/12.2.0/crtend.o /home/user/Xilinx/Vitis/2024.1/gnu/aarch64/lin/aarch64-none/bin/../aarch64-xilinx-elf/usr/lib64/aarch64-xilinx-elf/12.2.0/crtn.o]
    arg [/home/user/Xilinx/Vitis/2024.1/gnu/aarch64/lin/aarch64-none/x86_64-oesdk-linux/usr/bin/aarch64-xilinx-elf/../../libexec/aarch64-xilinx-elf/gcc/aarch64-xilinx-elf/12.2.0/collect2] ==> ignore
    arg [-plugin] ==> ignore
    arg [/home/user/Xilinx/Vitis/2024.1/gnu/aarch64/lin/aarch64-none/x86_64-oesdk-linux/usr/bin/aarch64-xilinx-elf/../../libexec/aarch64-xilinx-elf/gcc/aarch64-xilinx-elf/12.2.0/liblto_plugin.so] ==> ignore
    arg [-plugin-opt=/home/user/Xilinx/Vitis/2024.1/gnu/aarch64/lin/aarch64-none/x86_64-oesdk-linux/usr/bin/aarch64-xilinx-elf/../../libexec/aarch64-xilinx-elf/gcc/aarch64-xilinx-elf/12.2.0/lto-wrapper] ==> ignore
    arg [-plugin-opt=-fresolution=/tmp/ccqSvfuC.res] ==> ignore
    arg [-plugin-opt=-pass-through=-lgcc] ==> ignore
    arg [-plugin-opt=-pass-through=-lc] ==> ignore
    arg [-plugin-opt=-pass-through=-lgcc] ==> ignore
    arg [-flto] ==> ignore
    arg [--sysroot=/home/user/Xilinx/Vitis/2024.1/gnu/aarch64/lin/aarch64-none/bin/../aarch64-xilinx-elf] ==> ignore
    arg [--build-id] ==> ignore
    arg [-EL] ==> ignore
    arg [-X] ==> ignore
    arg [-maarch64elf] ==> ignore
    arg [-o] ==> ignore
    arg [cmTC_e6581] ==> ignore
    arg [/home/user/Xilinx/Vitis/2024.1/gnu/aarch64/lin/aarch64-none/bin/../aarch64-xilinx-elf/usr/lib64/aarch64-xilinx-elf/12.2.0/crti.o] ==> obj [/home/user/Xilinx/Vitis/2024.1/gnu/aarch64/lin/aarch64-none/bin/../aarch64-xilinx-elf/usr/lib64/aarch64-xilinx-elf/12.2.0/crti.o]
    arg [/home/user/Xilinx/Vitis/2024.1/gnu/aarch64/lin/aarch64-none/bin/../aarch64-xilinx-elf/usr/lib64/aarch64-xilinx-elf/12.2.0/crtbegin.o] ==> obj [/home/user/Xilinx/Vitis/2024.1/gnu/aarch64/lin/aarch64-none/bin/../aarch64-xilinx-elf/usr/lib64/aarch64-xilinx-elf/12.2.0/crtbegin.o]
    arg [-L/home/user/Xilinx/Vitis/2024.1/gnu/aarch64/lin/aarch64-none/x86_64-oesdk-linux/usr/bin/aarch64-xilinx-elf/../../lib/aarch64-xilinx-elf/gcc/aarch64-xilinx-elf/12.2.0] ==> dir [/home/user/Xilinx/Vitis/2024.1/gnu/aarch64/lin/aarch64-none/x86_64-oesdk-linux/usr/bin/aarch64-xilinx-elf/../../lib/aarch64-xilinx-elf/gcc/aarch64-xilinx-elf/12.2.0]
    arg [-L/home/user/Xilinx/Vitis/2024.1/gnu/aarch64/lin/aarch64-none/x86_64-oesdk-linux/usr/bin/aarch64-xilinx-elf/../../lib/aarch64-xilinx-elf/gcc] ==> dir [/home/user/Xilinx/Vitis/2024.1/gnu/aarch64/lin/aarch64-none/x86_64-oesdk-linux/usr/bin/aarch64-xilinx-elf/../../lib/aarch64-xilinx-elf/gcc]
    arg [-L/home/user/Xilinx/Vitis/2024.1/gnu/aarch64/lin/aarch64-none/bin/../aarch64-xilinx-elf/usr/lib64/aarch64-xilinx-elf/12.2.0] ==> dir [/home/user/Xilinx/Vitis/2024.1/gnu/aarch64/lin/aarch64-none/bin/../aarch64-xilinx-elf/usr/lib64/aarch64-xilinx-elf/12.2.0]
    arg [-L/home/user/Xilinx/Vitis/2024.1/gnu/aarch64/lin/aarch64-none/bin/../aarch64-xilinx-elf/usr/lib64] ==> dir [/home/user/Xilinx/Vitis/2024.1/gnu/aarch64/lin/aarch64-none/bin/../aarch64-xilinx-elf/usr/lib64]
    arg [--no-warn-rwx-segment] ==> ignore
    arg [CMakeFiles/cmTC_e6581.dir/CMakeCXXCompilerABI.cpp.obj] ==> ignore
    arg [-lstdc++] ==> lib [stdc++]
    arg [-lm] ==> lib [m]
    arg [-lgcc] ==> lib [gcc]
    arg [-lc] ==> lib [c]
    arg [-lgcc] ==> lib [gcc]
    arg [/home/user/Xilinx/Vitis/2024.1/gnu/aarch64/lin/aarch64-none/bin/../aarch64-xilinx-elf/usr/lib64/aarch64-xilinx-elf/12.2.0/crtend.o] ==> obj [/home/user/Xilinx/Vitis/2024.1/gnu/aarch64/lin/aarch64-none/bin/../aarch64-xilinx-elf/usr/lib64/aarch64-xilinx-elf/12.2.0/crtend.o]
    arg [/home/user/Xilinx/Vitis/2024.1/gnu/aarch64/lin/aarch64-none/bin/../aarch64-xilinx-elf/usr/lib64/aarch64-xilinx-elf/12.2.0/crtn.o] ==> obj [/home/user/Xilinx/Vitis/2024.1/gnu/aarch64/lin/aarch64-none/bin/../aarch64-xilinx-elf/usr/lib64/aarch64-xilinx-elf/12.2.0/crtn.o]
  collapse obj [/home/user/Xilinx/Vitis/2024.1/gnu/aarch64/lin/aarch64-none/bin/../aarch64-xilinx-elf/usr/lib64/aarch64-xilinx-elf/12.2.0/crti.o] ==> [/home/user/Xilinx/Vitis/2024.1/gnu/aarch64/lin/aarch64-none/aarch64-xilinx-elf/usr/lib64/aarch64-xilinx-elf/12.2.0/crti.o]
  collapse obj [/home/user/Xilinx/Vitis/2024.1/gnu/aarch64/lin/aarch64-none/bin/../aarch64-xilinx-elf/usr/lib64/aarch64-xilinx-elf/12.2.0/crtbegin.o] ==> [/home/user/Xilinx/Vitis/2024.1/gnu/aarch64/lin/aarch64-none/aarch64-xilinx-elf/usr/lib64/aarch64-xilinx-elf/12.2.0/crtbegin.o]
  collapse obj [/home/user/Xilinx/Vitis/2024.1/gnu/aarch64/lin/aarch64-none/bin/../aarch64-xilinx-elf/usr/lib64/aarch64-xilinx-elf/12.2.0/crtend.o] ==> [/home/user/Xilinx/Vitis/2024.1/gnu/aarch64/lin/aarch64-none/aarch64-xilinx-elf/usr/lib64/aarch64-xilinx-elf/12.2.0/crtend.o]
  collapse obj [/home/user/Xilinx/Vitis/2024.1/gnu/aarch64/lin/aarch64-none/bin/../aarch64-xilinx-elf/usr/lib64/aarch64-xilinx-elf/12.2.0/crtn.o] ==> [/home/user/Xilinx/Vitis/2024.1/gnu/aarch64/lin/aarch64-none/aarch64-xilinx-elf/usr/lib64/aarch64-xilinx-elf/12.2.0/crtn.o]
  collapse library dir [/home/user/Xilinx/Vitis/2024.1/gnu/aarch64/lin/aarch64-none/x86_64-oesdk-linux/usr/bin/aarch64-xilinx-elf/../../lib/aarch64-xilinx-elf/gcc/aarch64-xilinx-elf/12.2.0] ==> [/home/user/Xilinx/Vitis/2024.1/gnu/aarch64/lin/aarch64-none/x86_64-oesdk-linux/usr/lib/aarch64-xilinx-elf/gcc/aarch64-xilinx-elf/12.2.0]
  collapse library dir [/home/user/Xilinx/Vitis/2024.1/gnu/aarch64/lin/aarch64-none/x86_64-oesdk-linux/usr/bin/aarch64-xilinx-elf/../../lib/aarch64-xilinx-elf/gcc] ==> [/home/user/Xilinx/Vitis/2024.1/gnu/aarch64/lin/aarch64-none/x86_64-oesdk-linux/usr/lib/aarch64-xilinx-elf/gcc]
  collapse library dir [/home/user/Xilinx/Vitis/2024.1/gnu/aarch64/lin/aarch64-none/bin/../aarch64-xilinx-elf/usr/lib64/aarch64-xilinx-elf/12.2.0] ==> [/home/user/Xilinx/Vitis/2024.1/gnu/aarch64/lin/aarch64-none/aarch64-xilinx-elf/usr/lib64/aarch64-xilinx-elf/12.2.0]
  collapse library dir [/home/user/Xilinx/Vitis/2024.1/gnu/aarch64/lin/aarch64-none/bin/../aarch64-xilinx-elf/usr/lib64] ==> [/home/user/Xilinx/Vitis/2024.1/gnu/aarch64/lin/aarch64-none/aarch64-xilinx-elf/usr/lib64]
  implicit libs: [stdc++;m;gcc;c;gcc]
  implicit objs: [/home/user/Xilinx/Vitis/2024.1/gnu/aarch64/lin/aarch64-none/aarch64-xilinx-elf/usr/lib64/aarch64-xilinx-elf/12.2.0/crti.o;/home/user/Xilinx/Vitis/2024.1/gnu/aarch64/lin/aarch64-none/aarch64-xilinx-elf/usr/lib64/aarch64-xilinx-elf/12.2.0/crtbegin.o;/home/user/Xilinx/Vitis/2024.1/gnu/aarch64/lin/aarch64-none/aarch64-xilinx-elf/usr/lib64/aarch64-xilinx-elf/12.2.0/crtend.o;/home/user/Xilinx/Vitis/2024.1/gnu/aarch64/lin/aarch64-none/aarch64-xilinx-elf/usr/lib64/aarch64-xilinx-elf/12.2.0/crtn.o]
  implicit dirs: [/home/user/Xilinx/Vitis/2024.1/gnu/aarch64/lin/aarch64-none/x86_64-oesdk-linux/usr/lib/aarch64-xilinx-elf/gcc/aarch64-xilinx-elf/12.2.0;/home/user/Xilinx/Vitis/2024.1/gnu/aarch64/lin/aarch64-none/x86_64-oesdk-linux/usr/lib/aarch64-xilinx-elf/gcc;/home/user/Xilinx/Vitis/2024.1/gnu/aarch64/lin/aarch64-none/aarch64-xilinx-elf/usr/lib64/aarch64-xilinx-elf/12.2.0;/home/user/Xilinx/Vitis/2024.1/gnu/aarch64/lin/aarch64-none/aarch64-xilinx-elf/usr/lib64]
  implicit fwks: []


Checking whether the ASM compiler is GNU using "--version" matched "(GNU assembler)|(GCC)|(Free Software Foundation)":
aarch64-xilinx-elf-gcc.real (GCC) 12.2.0
Copyright (C) 2022 Free Software Foundation, Inc.
This is free software; see the source for copying conditions.  There is NO
warranty; not even for MERCHANTABILITY or FITNESS FOR A PARTICULAR PURPOSE.

